timestamp,src_ip,dst_ip,src_port,dst_port,protocol,bytes,flags
2026-07-06T08:00:02,10.0.0.2,203.0.113.24,19048,443,TCP,345,"SYN,ACK"
2026-07-06T08:00:05,10.0.0.19,203.0.113.3,39722,123,TCP,121,"SYN,ACK"
2026-07-06T08:00:06,10.0.0.18,203.0.113.20,2763,22,TCP,1390,"PSH,ACK"
2026-07-06T08:00:08,10.0.0.10,203.0.113.26,57994,80,TCP,1489,"PSH,ACK"
2026-07-06T08:00:09,10.0.0.6,203.0.113.7,63755,53,TCP,249,"PSH,ACK"
2026-07-06T08:00:10,10.0.0.13,203.0.113.20,18359,80,UDP,1158,"SYN,ACK"
2026-07-06T08:00:14,10.0.0.14,203.0.113.3,37202,53,UDP,1242,ACK
2026-07-06T08:00:17,10.0.0.3,203.0.113.22,15959,53,TCP,536,"SYN,ACK"
2026-07-06T08:00:19,10.0.0.16,203.0.113.21,55688,53,TCP,818,"FIN,ACK"
2026-07-06T08:00:20,10.0.0.10,203.0.113.23,62408,25,TCP,1307,ACK
2026-07-06T08:00:22,10.0.0.9,203.0.113.6,31318,123,UDP,1370,ACK
2026-07-06T08:00:25,10.0.0.3,203.0.113.8,54881,80,UDP,881,"FIN,ACK"
2026-07-06T08:00:26,10.0.0.12,203.0.113.7,43978,123,UDP,1376,"PSH,ACK"
2026-07-06T08:00:27,10.0.0.6,203.0.113.8,49847,22,UDP,1257,"PSH,ACK"
2026-07-06T08:00:31,10.0.0.14,203.0.113.12,15397,443,UDP,246,"SYN,ACK"
2026-07-06T08:00:34,10.0.0.6,203.0.113.21,11508,25,UDP,1281,"SYN,ACK"
2026-07-06T08:00:36,10.0.0.16,203.0.113.17,17500,22,TCP,1453,"SYN,ACK"
2026-07-06T08:00:39,10.0.0.19,203.0.113.25,18510,25,UDP,288,"FIN,ACK"
2026-07-06T08:00:41,10.0.0.16,203.0.113.1,63533,25,UDP,1085,ACK
2026-07-06T08:00:43,10.0.0.5,203.0.113.28,42003,53,TCP,373,"FIN,ACK"
2026-07-06T08:00:46,10.0.0.19,203.0.113.25,61476,22,TCP,1286,"FIN,ACK"
2026-07-06T08:00:49,10.0.0.5,203.0.113.12,58611,53,TCP,178,ACK
2026-07-06T08:00:52,10.0.0.4,203.0.113.3,48990,123,TCP,1150,ACK
2026-07-06T08:00:53,10.0.0.17,203.0.113.18,11845,53,UDP,493,ACK
2026-07-06T08:00:56,10.0.0.14,203.0.113.22,43614,53,UDP,1119,"PSH,ACK"
2026-07-06T08:00:57,10.0.0.9,203.0.113.3,23180,80,TCP,1265,ACK
2026-07-06T08:00:58,10.0.0.3,203.0.113.8,5441,80,UDP,205,ACK
2026-07-06T08:00:59,10.0.0.17,203.0.113.7,36363,443,UDP,557,"PSH,ACK"
2026-07-06T08:01:02,10.0.0.8,203.0.113.4,7376,25,UDP,785,"PSH,ACK"
2026-07-06T08:01:04,10.0.0.3,203.0.113.22,43848,25,TCP,184,"PSH,ACK"
2026-07-06T08:01:07,10.0.0.5,203.0.113.8,13580,443,UDP,347,"PSH,ACK"
2026-07-06T08:01:09,10.0.0.16,203.0.113.8,58334,80,UDP,1187,"SYN,ACK"
2026-07-06T08:01:09,10.0.0.19,203.0.113.27,1991,80,TCP,400,"PSH,ACK"
2026-07-06T08:01:11,10.0.0.8,203.0.113.28,27306,80,TCP,836,"SYN,ACK"
2026-07-06T08:01:15,10.0.0.10,203.0.113.26,52478,123,UDP,926,"PSH,ACK"
2026-07-06T08:01:16,10.0.0.11,203.0.113.7,64509,80,TCP,702,"SYN,ACK"
2026-07-06T08:01:17,10.0.0.17,203.0.113.17,61276,22,TCP,176,"SYN,ACK"
2026-07-06T08:01:21,10.0.0.4,203.0.113.20,5477,25,TCP,886,"SYN,ACK"
2026-07-06T08:01:24,10.0.0.9,203.0.113.19,39986,80,TCP,918,"FIN,ACK"
2026-07-06T08:01:28,10.0.0.8,203.0.113.22,47960,53,TCP,603,"PSH,ACK"
2026-07-06T08:01:29,10.0.0.11,203.0.113.15,21744,80,TCP,998,"SYN,ACK"
2026-07-06T08:01:30,10.0.0.8,203.0.113.17,18404,443,UDP,200,ACK
2026-07-06T08:01:32,10.0.0.7,203.0.113.15,55664,22,UDP,1312,"SYN,ACK"
2026-07-06T08:01:35,10.0.0.19,203.0.113.10,62087,25,TCP,335,"FIN,ACK"
2026-07-06T08:01:35,10.0.0.5,203.0.113.24,37280,443,UDP,637,ACK
2026-07-06T08:01:38,10.0.0.8,203.0.113.22,42589,53,UDP,574,"SYN,ACK"
2026-07-06T08:01:39,10.0.0.15,203.0.113.27,19156,80,TCP,743,ACK
2026-07-06T08:01:42,10.0.0.10,203.0.113.6,49601,123,UDP,1208,"SYN,ACK"
2026-07-06T08:01:43,10.0.0.6,203.0.113.18,3385,53,TCP,940,ACK
2026-07-06T08:01:44,10.0.0.13,203.0.113.29,62174,80,UDP,490,ACK
2026-07-06T08:01:46,10.0.0.13,203.0.113.25,37716,123,TCP,544,ACK
2026-07-06T08:01:50,10.0.0.7,203.0.113.29,28044,80,TCP,740,"PSH,ACK"
2026-07-06T08:01:54,10.0.0.9,203.0.113.9,11457,25,TCP,843,"SYN,ACK"
2026-07-06T08:01:57,10.0.0.9,203.0.113.7,54539,123,UDP,685,ACK
2026-07-06T08:01:58,10.0.0.8,203.0.113.13,22536,53,TCP,631,"FIN,ACK"
2026-07-06T08:02:01,10.0.0.14,203.0.113.22,65324,22,UDP,116,"SYN,ACK"
2026-07-06T08:02:05,10.0.0.10,203.0.113.6,39073,53,TCP,282,"PSH,ACK"
2026-07-06T08:02:06,10.0.0.12,203.0.113.14,40752,22,TCP,848,ACK
2026-07-06T08:02:08,10.0.0.15,203.0.113.1,35097,22,TCP,805,"PSH,ACK"
2026-07-06T08:02:09,10.0.0.12,203.0.113.20,21596,25,TCP,675,"FIN,ACK"
2026-07-06T08:02:11,10.0.0.12,203.0.113.13,46716,53,TCP,452,"PSH,ACK"
2026-07-06T08:02:14,10.0.0.14,203.0.113.22,50053,443,UDP,891,"SYN,ACK"
2026-07-06T08:02:16,10.0.0.8,203.0.113.14,52519,22,UDP,1012,"PSH,ACK"
2026-07-06T08:02:18,10.0.0.8,203.0.113.17,32034,25,TCP,1409,"SYN,ACK"
2026-07-06T08:02:19,10.0.0.12,203.0.113.3,54660,443,UDP,520,ACK
2026-07-06T08:02:20,10.0.0.3,203.0.113.8,65507,123,TCP,992,"PSH,ACK"
2026-07-06T08:02:24,10.0.0.8,203.0.113.23,46660,123,UDP,878,ACK
2026-07-06T08:02:25,10.0.0.2,203.0.113.29,50239,80,UDP,508,ACK
2026-07-06T08:02:28,10.0.0.18,203.0.113.15,4315,22,TCP,308,"PSH,ACK"
2026-07-06T08:02:29,10.0.0.16,203.0.113.22,35832,22,UDP,966,"PSH,ACK"
2026-07-06T08:02:33,10.0.0.19,203.0.113.15,59823,443,UDP,981,"FIN,ACK"
2026-07-06T08:02:36,10.0.0.10,203.0.113.25,51989,22,UDP,1343,ACK
2026-07-06T08:02:37,10.0.0.4,203.0.113.23,19749,443,UDP,747,"FIN,ACK"
2026-07-06T08:02:41,10.0.0.4,203.0.113.5,10908,443,UDP,1481,ACK
2026-07-06T08:02:44,10.0.0.4,203.0.113.14,27736,53,UDP,911,"SYN,ACK"
2026-07-06T08:02:45,10.0.0.15,203.0.113.13,60323,22,TCP,1239,"PSH,ACK"
2026-07-06T08:02:47,10.0.0.13,203.0.113.10,50403,123,UDP,1162,ACK
2026-07-06T08:02:49,10.0.0.10,203.0.113.14,32851,80,UDP,748,"PSH,ACK"
2026-07-06T08:02:52,10.0.0.16,203.0.113.5,65296,22,TCP,866,"SYN,ACK"
2026-07-06T08:02:53,10.0.0.15,203.0.113.5,57833,123,TCP,162,"FIN,ACK"
2026-07-06T08:02:55,10.0.0.8,203.0.113.15,22444,53,UDP,629,"PSH,ACK"
2026-07-06T08:02:56,10.0.0.4,203.0.113.16,2294,25,TCP,776,ACK
2026-07-06T08:02:59,10.0.0.3,203.0.113.25,3057,443,TCP,101,ACK
2026-07-06T08:03:01,10.0.0.17,203.0.113.22,8520,22,TCP,1012,"FIN,ACK"
2026-07-06T08:03:04,10.0.0.7,203.0.113.20,40820,25,TCP,395,"FIN,ACK"
2026-07-06T08:03:05,10.0.0.2,203.0.113.10,38759,25,UDP,872,ACK
2026-07-06T08:03:05,10.0.0.9,203.0.113.4,46715,53,TCP,1219,"SYN,ACK"
2026-07-06T08:03:07,10.0.0.15,203.0.113.22,25309,80,UDP,85,"PSH,ACK"
2026-07-06T08:03:10,10.0.0.5,203.0.113.14,63990,53,UDP,373,"PSH,ACK"
2026-07-06T08:03:12,10.0.0.18,203.0.113.21,18724,22,UDP,1012,"PSH,ACK"
2026-07-06T08:03:15,10.0.0.10,203.0.113.11,56841,443,TCP,631,"PSH,ACK"
2026-07-06T08:03:16,10.0.0.16,203.0.113.19,41022,25,UDP,748,"SYN,ACK"
2026-07-06T08:03:19,10.0.0.12,203.0.113.6,32976,443,UDP,589,"FIN,ACK"
2026-07-06T08:03:20,10.0.0.10,203.0.113.18,1689,22,TCP,235,ACK
2026-07-06T08:03:23,10.0.0.17,203.0.113.18,50711,443,UDP,1382,"PSH,ACK"
2026-07-06T08:03:25,10.0.0.2,203.0.113.3,20307,443,UDP,1476,ACK
2026-07-06T08:03:27,10.0.0.13,203.0.113.16,37296,22,UDP,931,"FIN,ACK"
2026-07-06T08:03:28,10.0.0.16,203.0.113.9,21118,53,TCP,307,ACK
2026-07-06T08:03:30,10.0.0.19,203.0.113.25,46254,443,TCP,503,"PSH,ACK"
2026-07-06T08:03:31,10.0.0.18,203.0.113.20,19570,80,TCP,666,ACK
2026-07-06T08:03:33,10.0.0.11,203.0.113.1,47424,22,TCP,621,"SYN,ACK"
2026-07-06T08:03:37,10.0.0.19,203.0.113.10,46729,443,UDP,270,"SYN,ACK"
2026-07-06T08:03:40,10.0.0.17,203.0.113.16,29890,53,TCP,165,"FIN,ACK"
2026-07-06T08:03:43,10.0.0.17,203.0.113.4,54902,80,UDP,1067,"SYN,ACK"
2026-07-06T08:03:46,10.0.0.3,203.0.113.5,10801,22,UDP,234,ACK
2026-07-06T08:03:47,10.0.0.15,203.0.113.20,40091,22,TCP,1130,"PSH,ACK"
2026-07-06T08:03:49,10.0.0.16,203.0.113.10,57395,22,UDP,685,"SYN,ACK"
2026-07-06T08:03:52,10.0.0.5,203.0.113.25,14641,25,TCP,601,"SYN,ACK"
2026-07-06T08:03:53,10.0.0.7,203.0.113.18,5943,443,TCP,896,"PSH,ACK"
2026-07-06T08:03:56,10.0.0.17,203.0.113.10,3163,443,UDP,639,"PSH,ACK"
2026-07-06T08:03:56,10.0.0.9,203.0.113.9,52655,25,TCP,930,"SYN,ACK"
2026-07-06T08:03:59,10.0.0.6,203.0.113.9,55198,443,TCP,182,ACK
2026-07-06T08:04:02,10.0.0.11,203.0.113.15,9173,123,UDP,1493,"PSH,ACK"
2026-07-06T08:04:06,10.0.0.18,203.0.113.18,33385,123,TCP,1284,"SYN,ACK"
2026-07-06T08:04:09,10.0.0.12,203.0.113.20,17432,80,TCP,528,"SYN,ACK"
2026-07-06T08:04:13,10.0.0.10,203.0.113.19,3660,443,UDP,1122,"PSH,ACK"
2026-07-06T08:04:17,10.0.0.7,203.0.113.19,29590,25,UDP,246,"PSH,ACK"
2026-07-06T08:04:19,10.0.0.12,203.0.113.11,44941,80,TCP,735,"PSH,ACK"
2026-07-06T08:04:22,10.0.0.11,203.0.113.22,62968,123,TCP,991,"SYN,ACK"
2026-07-06T08:04:23,10.0.0.12,203.0.113.4,64606,123,TCP,1406,"PSH,ACK"
2026-07-06T08:04:25,10.0.0.8,203.0.113.17,24733,22,UDP,1340,"PSH,ACK"
2026-07-06T08:04:28,10.0.0.8,203.0.113.9,37017,443,UDP,957,"PSH,ACK"
2026-07-06T08:04:29,10.0.0.9,203.0.113.23,11403,53,TCP,1191,"PSH,ACK"
2026-07-06T08:04:30,10.0.0.5,203.0.113.15,63090,80,TCP,1080,"FIN,ACK"
2026-07-06T08:04:33,10.0.0.10,203.0.113.14,55728,123,UDP,559,"PSH,ACK"
2026-07-06T08:04:35,10.0.0.14,203.0.113.7,61439,22,TCP,202,"FIN,ACK"
2026-07-06T08:04:38,10.0.0.15,203.0.113.11,62250,22,UDP,65,"FIN,ACK"
2026-07-06T08:04:41,10.0.0.17,203.0.113.28,10762,123,UDP,766,"FIN,ACK"
2026-07-06T08:04:44,10.0.0.19,203.0.113.13,30865,53,TCP,1488,ACK
2026-07-06T08:04:46,10.0.0.9,203.0.113.28,51850,123,TCP,711,"PSH,ACK"
2026-07-06T08:04:49,10.0.0.14,203.0.113.13,44519,25,TCP,1074,"SYN,ACK"
2026-07-06T08:04:50,10.0.0.12,203.0.113.28,7601,123,TCP,1137,"PSH,ACK"
2026-07-06T08:04:51,10.0.0.6,203.0.113.14,58101,25,TCP,213,"PSH,ACK"
2026-07-06T08:04:54,10.0.0.10,203.0.113.11,41869,25,UDP,1390,"SYN,ACK"
2026-07-06T08:04:57,10.0.0.19,203.0.113.13,63554,53,UDP,1168,"SYN,ACK"
2026-07-06T08:05:00,10.0.0.9,203.0.113.21,45876,53,TCP,245,"PSH,ACK"
2026-07-06T08:05:04,10.0.0.5,203.0.113.15,11926,25,UDP,119,"SYN,ACK"
2026-07-06T08:05:06,10.0.0.3,203.0.113.10,24516,53,UDP,358,ACK
2026-07-06T08:05:08,10.0.0.7,203.0.113.6,12497,80,UDP,1329,ACK
2026-07-06T08:05:10,10.0.0.6,203.0.113.8,31245,25,UDP,1001,"FIN,ACK"
2026-07-06T08:05:13,10.0.0.16,203.0.113.29,19874,25,TCP,211,"PSH,ACK"
2026-07-06T08:05:17,10.0.0.11,203.0.113.21,64071,123,UDP,995,"FIN,ACK"
2026-07-06T08:05:18,10.0.0.14,203.0.113.28,32691,80,TCP,841,"FIN,ACK"
2026-07-06T08:05:20,10.0.0.11,203.0.113.1,65114,25,UDP,622,"SYN,ACK"
2026-07-06T08:05:23,10.0.0.3,203.0.113.20,49859,123,UDP,531,"FIN,ACK"
2026-07-06T08:05:24,10.0.0.8,203.0.113.20,17449,25,TCP,1346,"SYN,ACK"
2026-07-06T08:05:28,10.0.0.3,203.0.113.10,52706,123,TCP,1246,"FIN,ACK"
2026-07-06T08:05:31,10.0.0.4,203.0.113.10,22435,25,UDP,419,ACK
2026-07-06T08:05:32,10.0.0.19,203.0.113.29,64691,53,UDP,396,"FIN,ACK"
2026-07-06T08:05:36,10.0.0.17,203.0.113.26,20366,25,UDP,295,"PSH,ACK"
2026-07-06T08:05:39,10.0.0.6,203.0.113.25,64364,443,UDP,1201,"FIN,ACK"
2026-07-06T08:05:40,10.0.0.14,203.0.113.1,18355,22,TCP,991,"FIN,ACK"
2026-07-06T08:05:43,10.0.0.10,203.0.113.19,25994,25,UDP,281,ACK
2026-07-06T08:05:45,10.0.0.19,203.0.113.11,61006,22,TCP,1386,"SYN,ACK"
2026-07-06T08:05:48,10.0.0.16,203.0.113.23,20828,25,UDP,298,ACK
2026-07-06T08:05:49,10.0.0.3,203.0.113.10,33308,80,TCP,540,ACK
2026-07-06T08:05:51,10.0.0.13,203.0.113.22,63242,25,UDP,1262,ACK
2026-07-06T08:05:54,10.0.0.5,203.0.113.27,33093,22,UDP,632,"SYN,ACK"
2026-07-06T08:05:57,10.0.0.8,203.0.113.15,30167,443,UDP,263,"FIN,ACK"
2026-07-06T08:05:59,10.0.0.13,203.0.113.2,27116,53,TCP,310,"PSH,ACK"
2026-07-06T08:06:00,10.0.0.8,203.0.113.21,42933,22,TCP,163,"FIN,ACK"
2026-07-06T08:06:02,10.0.0.6,203.0.113.26,38024,443,TCP,1195,ACK
2026-07-06T08:06:04,10.0.0.9,203.0.113.11,51773,443,TCP,627,ACK
2026-07-06T08:06:08,10.0.0.19,203.0.113.9,53355,443,TCP,1413,"SYN,ACK"
2026-07-06T08:06:09,10.0.0.13,203.0.113.26,52694,443,UDP,92,ACK
2026-07-06T08:06:11,10.0.0.6,203.0.113.24,28612,22,TCP,190,"PSH,ACK"
2026-07-06T08:06:13,10.0.0.13,203.0.113.17,39930,80,UDP,1091,ACK
2026-07-06T08:06:16,10.0.0.3,203.0.113.24,52353,25,UDP,998,"SYN,ACK"
2026-07-06T08:06:17,10.0.0.17,203.0.113.28,27344,123,TCP,1064,"PSH,ACK"
2026-07-06T08:06:18,10.0.0.4,203.0.113.11,40889,443,TCP,318,"FIN,ACK"
2026-07-06T08:06:21,10.0.0.19,203.0.113.23,22335,123,UDP,989,"PSH,ACK"
2026-07-06T08:06:21,10.0.0.5,203.0.113.28,43931,25,TCP,940,"PSH,ACK"
2026-07-06T08:06:25,10.0.0.15,203.0.113.11,55249,123,UDP,911,"SYN,ACK"
2026-07-06T08:06:27,10.0.0.12,203.0.113.22,17728,53,TCP,1466,"PSH,ACK"
2026-07-06T08:06:27,10.0.0.4,203.0.113.3,29327,80,UDP,326,"SYN,ACK"
2026-07-06T08:06:30,10.0.0.19,203.0.113.18,22627,25,TCP,901,"FIN,ACK"
2026-07-06T08:06:33,10.0.0.15,203.0.113.28,61044,25,TCP,649,"FIN,ACK"
2026-07-06T08:06:35,10.0.0.18,203.0.113.7,11164,25,UDP,519,"SYN,ACK"
2026-07-06T08:06:37,10.0.0.19,203.0.113.12,8553,53,TCP,938,"SYN,ACK"
2026-07-06T08:06:40,10.0.0.10,203.0.113.1,12847,53,UDP,755,"FIN,ACK"
2026-07-06T08:06:40,10.0.0.6,203.0.113.19,44103,123,TCP,350,"SYN,ACK"
2026-07-06T08:06:41,10.0.0.18,203.0.113.7,25678,123,UDP,758,ACK
2026-07-06T08:06:43,10.0.0.12,203.0.113.25,62720,22,TCP,167,ACK
2026-07-06T08:06:44,10.0.0.3,203.0.113.22,6370,53,UDP,1415,"PSH,ACK"
2026-07-06T08:06:46,10.0.0.16,203.0.113.14,18926,443,TCP,766,"PSH,ACK"
2026-07-06T08:06:47,10.0.0.17,203.0.113.17,44745,53,TCP,511,"PSH,ACK"
2026-07-06T08:06:51,10.0.0.3,203.0.113.1,14421,53,TCP,341,"FIN,ACK"
2026-07-06T08:06:52,10.0.0.5,203.0.113.1,33620,25,UDP,419,ACK
2026-07-06T08:06:54,10.0.0.9,203.0.113.17,37640,25,UDP,207,"PSH,ACK"
2026-07-06T08:06:58,10.0.0.3,203.0.113.14,2252,123,TCP,701,"PSH,ACK"
2026-07-06T08:07:00,10.0.0.15,203.0.113.10,8572,123,TCP,725,ACK
2026-07-06T08:07:03,10.0.0.16,203.0.113.27,46218,53,TCP,954,"SYN,ACK"
2026-07-06T08:07:05,10.0.0.14,203.0.113.17,6178,123,UDP,755,ACK
2026-07-06T08:07:06,10.0.0.7,203.0.113.3,34479,25,TCP,1146,ACK
2026-07-06T08:07:10,10.0.0.13,203.0.113.12,48693,25,TCP,543,"SYN,ACK"
2026-07-06T08:07:11,10.0.0.8,203.0.113.6,40502,443,TCP,422,"PSH,ACK"
2026-07-06T08:07:13,10.0.0.16,203.0.113.22,61589,22,UDP,1344,"FIN,ACK"
2026-07-06T08:07:14,10.0.0.4,203.0.113.16,30004,25,UDP,622,"SYN,ACK"
2026-07-06T08:07:16,10.0.0.4,203.0.113.10,31284,123,TCP,176,"FIN,ACK"
2026-07-06T08:07:19,10.0.0.4,203.0.113.21,57663,80,UDP,1007,"SYN,ACK"
2026-07-06T08:07:22,10.0.0.8,203.0.113.11,40673,123,TCP,186,"PSH,ACK"
2026-07-06T08:07:22,10.0.0.12,203.0.113.23,6550,22,TCP,140,ACK
2026-07-06T08:07:25,10.0.0.16,203.0.113.17,35282,22,TCP,805,"FIN,ACK"
2026-07-06T08:07:29,10.0.0.14,203.0.113.14,51779,53,TCP,1352,"FIN,ACK"
2026-07-06T08:07:30,10.0.0.5,203.0.113.18,45482,123,UDP,576,ACK
2026-07-06T08:07:31,10.0.0.6,203.0.113.12,21355,25,UDP,324,"SYN,ACK"
2026-07-06T08:07:33,10.0.0.14,203.0.113.21,52906,53,TCP,1432,"SYN,ACK"
2026-07-06T08:07:36,10.0.0.15,203.0.113.17,24736,80,UDP,692,ACK
2026-07-06T08:07:40,10.0.0.12,203.0.113.25,32892,443,TCP,341,ACK
2026-07-06T08:07:40,10.0.0.5,203.0.113.17,51544,22,TCP,1415,"FIN,ACK"
2026-07-06T08:07:44,10.0.0.6,203.0.113.20,25712,443,TCP,430,ACK
2026-07-06T08:07:47,10.0.0.3,203.0.113.14,24898,25,TCP,969,"FIN,ACK"
2026-07-06T08:07:50,10.0.0.16,203.0.113.8,36020,443,UDP,1020,ACK
2026-07-06T08:07:52,10.0.0.16,203.0.113.15,51449,53,UDP,1089,"PSH,ACK"
2026-07-06T08:07:56,10.0.0.8,203.0.113.26,40651,443,UDP,166,"PSH,ACK"
2026-07-06T08:07:59,10.0.0.19,203.0.113.4,47646,22,TCP,643,"SYN,ACK"
2026-07-06T08:08:03,10.0.0.10,203.0.113.15,60354,22,TCP,955,"SYN,ACK"
2026-07-06T08:08:06,10.0.0.9,203.0.113.27,30589,53,TCP,909,"SYN,ACK"
2026-07-06T08:08:08,10.0.0.13,203.0.113.8,26331,80,UDP,519,"SYN,ACK"
2026-07-06T08:08:10,10.0.0.5,203.0.113.27,47862,25,UDP,359,ACK
2026-07-06T08:08:10,10.0.0.17,203.0.113.23,55491,443,UDP,978,"SYN,ACK"
2026-07-06T08:08:14,10.0.0.2,203.0.113.9,15157,443,UDP,287,"FIN,ACK"
2026-07-06T08:08:15,10.0.0.5,203.0.113.2,16650,123,UDP,188,"SYN,ACK"
2026-07-06T08:08:19,10.0.0.17,203.0.113.20,36154,80,TCP,354,"FIN,ACK"
2026-07-06T08:08:21,10.0.0.13,203.0.113.8,38423,123,TCP,1420,"SYN,ACK"
2026-07-06T08:08:23,10.0.0.13,203.0.113.3,63506,22,TCP,859,"PSH,ACK"
2026-07-06T08:08:24,10.0.0.14,203.0.113.12,17647,25,TCP,791,"SYN,ACK"
2026-07-06T08:08:26,10.0.0.5,203.0.113.25,39159,25,UDP,333,"SYN,ACK"
2026-07-06T08:08:27,10.0.0.12,203.0.113.27,43150,443,UDP,1484,"PSH,ACK"
2026-07-06T08:08:30,10.0.0.6,203.0.113.3,47950,123,TCP,660,ACK
2026-07-06T08:08:31,10.0.0.8,203.0.113.29,3770,53,UDP,1115,"PSH,ACK"
2026-07-06T08:08:35,10.0.0.19,203.0.113.16,17625,80,TCP,645,"FIN,ACK"
2026-07-06T08:08:38,10.0.0.3,203.0.113.28,43998,53,UDP,314,"FIN,ACK"
2026-07-06T08:08:40,10.0.0.14,203.0.113.24,29842,123,UDP,442,"PSH,ACK"
2026-07-06T08:08:43,10.0.0.13,203.0.113.26,35055,53,TCP,929,"SYN,ACK"
2026-07-06T08:08:45,10.0.0.7,203.0.113.18,20276,53,TCP,223,"FIN,ACK"
2026-07-06T08:08:48,10.0.0.11,203.0.113.15,40517,25,UDP,401,"PSH,ACK"
2026-07-06T08:08:50,10.0.0.3,203.0.113.24,58042,53,UDP,622,"SYN,ACK"
2026-07-06T08:08:50,10.0.0.14,203.0.113.12,34649,25,TCP,123,ACK
2026-07-06T08:08:54,10.0.0.16,203.0.113.2,9296,80,TCP,1381,"FIN,ACK"
2026-07-06T08:08:56,10.0.0.3,203.0.113.20,11079,25,UDP,819,"FIN,ACK"
2026-07-06T08:08:58,10.0.0.4,203.0.113.19,10047,22,UDP,875,"FIN,ACK"
2026-07-06T08:09:01,10.0.0.9,203.0.113.4,2722,25,TCP,1082,"PSH,ACK"
2026-07-06T08:09:04,10.0.0.5,203.0.113.9,51812,53,UDP,499,"FIN,ACK"
2026-07-06T08:09:07,10.0.0.17,203.0.113.7,9061,443,TCP,985,ACK
2026-07-06T08:09:11,10.0.0.16,203.0.113.3,54141,25,UDP,1427,"FIN,ACK"
2026-07-06T08:09:14,10.0.0.19,203.0.113.18,20053,53,TCP,1494,ACK
2026-07-06T08:09:17,10.0.0.18,203.0.113.8,8977,443,TCP,544,"PSH,ACK"
2026-07-06T08:09:18,10.0.0.19,203.0.113.19,25200,123,TCP,1313,"SYN,ACK"
2026-07-06T08:09:18,10.0.0.14,203.0.113.23,48135,123,UDP,898,"SYN,ACK"
2026-07-06T08:09:19,10.0.0.12,203.0.113.21,5884,123,UDP,1452,"FIN,ACK"
2026-07-06T08:09:20,10.0.0.19,203.0.113.21,39545,443,TCP,946,"SYN,ACK"
2026-07-06T08:09:24,10.0.0.18,203.0.113.5,20955,443,TCP,720,ACK
2026-07-06T08:09:25,10.0.0.18,203.0.113.29,19639,80,UDP,462,"FIN,ACK"
2026-07-06T08:09:26,10.0.0.11,203.0.113.20,35986,80,TCP,1272,ACK
2026-07-06T08:09:27,10.0.0.12,203.0.113.27,61574,22,TCP,118,"SYN,ACK"
2026-07-06T08:09:28,10.0.0.10,203.0.113.21,14839,22,UDP,1325,"SYN,ACK"
2026-07-06T08:09:30,10.0.0.19,203.0.113.10,43092,53,UDP,561,"PSH,ACK"
2026-07-06T08:09:32,10.0.0.4,203.0.113.23,4950,443,UDP,911,"PSH,ACK"
2026-07-06T08:09:34,10.0.0.12,203.0.113.20,10439,53,UDP,767,"PSH,ACK"
2026-07-06T08:09:35,10.0.0.13,203.0.113.17,37832,80,UDP,555,"PSH,ACK"
2026-07-06T08:09:36,10.0.0.16,203.0.113.8,10256,80,TCP,654,"PSH,ACK"
2026-07-06T08:09:39,10.0.0.15,203.0.113.8,64114,443,UDP,1243,"FIN,ACK"
2026-07-06T08:09:41,10.0.0.7,203.0.113.16,34757,123,UDP,691,"PSH,ACK"
2026-07-06T08:09:41,10.0.0.14,203.0.113.17,30989,443,TCP,1254,"FIN,ACK"
2026-07-06T08:09:42,10.0.0.11,203.0.113.16,40182,25,UDP,645,"SYN,ACK"
2026-07-06T08:09:45,10.0.0.15,203.0.113.5,58856,53,UDP,885,"FIN,ACK"
2026-07-06T08:09:46,10.0.0.3,203.0.113.19,37843,443,UDP,1193,"FIN,ACK"
2026-07-06T08:09:47,10.0.0.18,203.0.113.15,51119,22,UDP,1336,"SYN,ACK"
2026-07-06T08:09:48,10.0.0.5,203.0.113.13,25481,53,UDP,355,ACK
2026-07-06T08:09:50,10.0.0.14,203.0.113.17,3662,80,TCP,340,"FIN,ACK"
2026-07-06T08:09:54,10.0.0.18,203.0.113.15,10784,22,TCP,731,"FIN,ACK"
2026-07-06T08:09:55,10.0.0.11,203.0.113.19,23068,22,UDP,1212,"FIN,ACK"
2026-07-06T08:09:57,10.0.0.2,203.0.113.12,22732,25,TCP,913,"FIN,ACK"
2026-07-06T08:10:00,10.0.0.2,203.0.113.20,32126,53,TCP,165,"PSH,ACK"
2026-07-06T08:10:01,10.0.0.14,203.0.113.5,54872,25,TCP,124,"SYN,ACK"
2026-07-06T08:10:02,10.0.0.16,203.0.113.11,28469,443,UDP,1474,ACK
2026-07-06T08:10:04,10.0.0.17,203.0.113.28,56623,25,TCP,342,ACK
2026-07-06T08:10:07,10.0.0.17,203.0.113.17,25719,53,TCP,1001,"FIN,ACK"
2026-07-06T08:10:09,10.0.0.10,203.0.113.20,32755,443,TCP,631,"FIN,ACK"
2026-07-06T08:10:10,10.0.0.11,203.0.113.25,19964,25,TCP,1473,"PSH,ACK"
2026-07-06T08:10:12,10.0.0.13,203.0.113.18,62214,25,UDP,649,"SYN,ACK"
2026-07-06T08:10:15,10.0.0.19,203.0.113.13,59728,123,UDP,359,"FIN,ACK"
2026-07-06T08:10:15,10.0.0.4,203.0.113.12,61579,123,UDP,1041,ACK
2026-07-06T08:10:16,10.0.0.19,203.0.113.9,62170,22,UDP,341,"SYN,ACK"
2026-07-06T08:10:19,10.0.0.9,203.0.113.8,4350,25,TCP,1366,ACK
2026-07-06T08:10:20,10.0.0.15,203.0.113.11,48036,123,TCP,1455,ACK
2026-07-06T08:10:20,10.0.0.19,203.0.113.6,27691,25,UDP,1037,ACK
2026-07-06T08:10:23,10.0.0.11,203.0.113.11,19728,25,TCP,243,ACK
2026-07-06T08:10:26,10.0.0.3,203.0.113.6,28410,443,TCP,873,"PSH,ACK"
2026-07-06T08:10:27,10.0.0.11,203.0.113.29,3479,80,UDP,1223,"SYN,ACK"
2026-07-06T08:10:31,10.0.0.12,203.0.113.10,30800,25,UDP,334,"PSH,ACK"
2026-07-06T08:10:32,10.0.0.5,203.0.113.11,11673,25,UDP,1387,"FIN,ACK"
2026-07-06T08:10:35,10.0.0.2,203.0.113.24,23116,53,TCP,419,"PSH,ACK"
2026-07-06T08:10:39,10.0.0.18,203.0.113.11,6708,123,TCP,438,ACK
2026-07-06T08:10:41,10.0.0.9,203.0.113.1,18114,123,TCP,974,"FIN,ACK"
2026-07-06T08:10:45,10.0.0.11,203.0.113.19,48398,22,TCP,595,"FIN,ACK"
2026-07-06T08:10:47,10.0.0.3,203.0.113.22,8771,123,UDP,387,"PSH,ACK"
2026-07-06T08:10:50,10.0.0.11,203.0.113.23,8718,25,UDP,812,ACK
2026-07-06T08:10:52,10.0.0.6,203.0.113.16,11063,123,UDP,911,"PSH,ACK"
2026-07-06T08:10:55,10.0.0.8,203.0.113.25,17241,25,TCP,1136,"PSH,ACK"
2026-07-06T08:10:57,10.0.0.13,203.0.113.3,61136,22,TCP,186,ACK
2026-07-06T08:11:00,10.0.0.6,203.0.113.6,22527,22,UDP,298,ACK
2026-07-06T08:11:03,10.0.0.17,203.0.113.3,59933,22,UDP,173,"PSH,ACK"
2026-07-06T08:11:04,10.0.0.15,203.0.113.15,37980,80,UDP,1437,"FIN,ACK"
2026-07-06T08:11:07,10.0.0.14,203.0.113.9,54531,80,TCP,1244,"SYN,ACK"
2026-07-06T08:11:07,10.0.0.13,203.0.113.23,5202,22,TCP,201,"PSH,ACK"
2026-07-06T08:11:08,10.0.0.15,203.0.113.6,51419,443,UDP,826,"PSH,ACK"
2026-07-06T08:11:10,10.0.0.14,203.0.113.13,6283,25,TCP,1398,"FIN,ACK"
2026-07-06T08:11:11,10.0.0.19,203.0.113.13,35682,443,TCP,67,"SYN,ACK"
2026-07-06T08:11:15,10.0.0.16,203.0.113.22,48150,22,UDP,1149,"PSH,ACK"
2026-07-06T08:11:18,10.0.0.9,203.0.113.15,23709,443,UDP,446,"SYN,ACK"
2026-07-06T08:11:19,10.0.0.15,203.0.113.20,51228,80,TCP,482,"SYN,ACK"
2026-07-06T08:11:20,10.0.0.3,203.0.113.15,40200,25,TCP,561,"SYN,ACK"
2026-07-06T08:11:22,10.0.0.9,203.0.113.18,15262,80,TCP,1091,"FIN,ACK"
2026-07-06T08:11:23,10.0.0.12,203.0.113.19,40209,25,UDP,545,"FIN,ACK"
2026-07-06T08:11:26,10.0.0.18,203.0.113.8,28127,53,UDP,184,ACK
2026-07-06T08:11:29,10.0.0.15,203.0.113.18,33505,80,UDP,1377,"PSH,ACK"
2026-07-06T08:11:32,10.0.0.12,203.0.113.23,28308,123,TCP,674,"PSH,ACK"
2026-07-06T08:11:34,10.0.0.19,203.0.113.16,16816,443,UDP,355,"PSH,ACK"
2026-07-06T08:11:37,10.0.0.19,203.0.113.14,64448,123,TCP,855,ACK
2026-07-06T08:11:39,10.0.0.12,203.0.113.21,6205,123,UDP,249,ACK
2026-07-06T08:11:39,10.0.0.14,203.0.113.22,40671,22,TCP,209,ACK
2026-07-06T08:11:43,10.0.0.19,203.0.113.7,32441,443,UDP,680,"SYN,ACK"
2026-07-06T08:11:44,10.0.0.8,203.0.113.24,8712,25,UDP,556,ACK
2026-07-06T08:11:46,10.0.0.9,203.0.113.18,22101,53,UDP,1014,"FIN,ACK"
2026-07-06T08:11:47,10.0.0.13,203.0.113.17,58879,123,UDP,261,"PSH,ACK"
2026-07-06T08:11:51,10.0.0.12,203.0.113.7,25318,53,UDP,153,ACK
2026-07-06T08:11:54,10.0.0.2,203.0.113.9,37285,22,UDP,664,ACK
2026-07-06T08:11:55,10.0.0.9,203.0.113.13,38365,443,UDP,1187,"FIN,ACK"
2026-07-06T08:11:56,10.0.0.17,203.0.113.24,43078,25,UDP,1003,ACK
2026-07-06T08:11:59,10.0.0.13,203.0.113.6,10196,25,UDP,436,"SYN,ACK"
2026-07-06T08:12:02,10.0.0.4,203.0.113.27,44816,80,TCP,904,ACK
2026-07-06T08:12:05,10.0.0.9,203.0.113.3,47369,443,TCP,507,"PSH,ACK"
2026-07-06T08:12:07,10.0.0.17,203.0.113.22,32996,80,TCP,1149,"PSH,ACK"
2026-07-06T08:12:07,10.0.0.18,203.0.113.24,19029,22,UDP,95,"PSH,ACK"
2026-07-06T08:12:11,10.0.0.7,203.0.113.4,61189,80,TCP,553,ACK
2026-07-06T08:12:13,10.0.0.10,203.0.113.27,24252,53,UDP,221,"FIN,ACK"
2026-07-06T08:12:17,10.0.0.16,203.0.113.19,16962,25,TCP,674,"SYN,ACK"
2026-07-06T08:12:20,10.0.0.3,203.0.113.3,27584,123,UDP,1191,"PSH,ACK"
2026-07-06T08:12:21,10.0.0.2,203.0.113.23,12255,80,UDP,948,"FIN,ACK"
2026-07-06T08:12:23,10.0.0.5,203.0.113.29,35637,80,TCP,492,"PSH,ACK"
2026-07-06T08:12:25,10.0.0.4,203.0.113.22,61683,53,TCP,427,"FIN,ACK"
2026-07-06T08:12:25,10.0.0.8,203.0.113.19,10473,25,UDP,217,"FIN,ACK"
2026-07-06T08:12:26,10.0.0.9,203.0.113.19,55723,123,UDP,846,ACK
2026-07-06T08:12:30,10.0.0.4,203.0.113.17,49878,53,TCP,260,"PSH,ACK"
2026-07-06T08:12:31,10.0.0.4,203.0.113.11,40684,22,UDP,728,"SYN,ACK"
2026-07-06T08:12:34,10.0.0.16,203.0.113.16,15975,53,UDP,944,ACK
2026-07-06T08:12:36,10.0.0.14,203.0.113.3,51628,22,UDP,564,"SYN,ACK"
2026-07-06T08:12:37,10.0.0.6,203.0.113.13,47664,25,TCP,857,"FIN,ACK"
2026-07-06T08:12:39,10.0.0.4,203.0.113.1,62821,53,UDP,797,"FIN,ACK"
2026-07-06T08:12:40,10.0.0.4,203.0.113.6,29268,123,UDP,271,"SYN,ACK"
2026-07-06T08:12:41,10.0.0.19,203.0.113.3,40144,22,UDP,848,"SYN,ACK"
2026-07-06T08:12:42,10.0.0.14,203.0.113.25,6574,25,TCP,1231,ACK
2026-07-06T08:12:45,10.0.0.7,203.0.113.5,18647,53,UDP,1069,ACK
2026-07-06T08:12:46,10.0.0.15,203.0.113.9,28621,53,UDP,217,"FIN,ACK"
2026-07-06T08:12:47,10.0.0.9,203.0.113.24,41986,123,TCP,997,"SYN,ACK"
2026-07-06T08:12:48,10.0.0.2,203.0.113.13,22796,22,UDP,734,"PSH,ACK"
2026-07-06T08:12:50,10.0.0.6,203.0.113.10,22039,22,TCP,1041,"FIN,ACK"
2026-07-06T08:12:51,10.0.0.14,203.0.113.11,20124,25,UDP,1239,ACK
2026-07-06T08:12:53,10.0.0.10,203.0.113.27,52526,123,UDP,293,ACK
2026-07-06T08:12:55,10.0.0.19,203.0.113.6,45700,22,TCP,1005,ACK
2026-07-06T08:12:57,10.0.0.11,203.0.113.27,46429,80,UDP,1438,"PSH,ACK"
2026-07-06T08:12:58,10.0.0.11,203.0.113.8,17583,25,TCP,926,"PSH,ACK"
2026-07-06T08:12:59,10.0.0.17,203.0.113.19,27291,22,UDP,1173,"SYN,ACK"
2026-07-06T08:13:02,10.0.0.13,203.0.113.23,59711,22,TCP,283,ACK
2026-07-06T08:13:05,10.0.0.13,203.0.113.6,43425,22,TCP,1213,"PSH,ACK"
2026-07-06T08:13:09,10.0.0.12,203.0.113.26,29234,80,TCP,261,"FIN,ACK"
2026-07-06T08:13:10,10.0.0.18,203.0.113.18,39068,25,TCP,972,"FIN,ACK"
2026-07-06T08:13:12,10.0.0.18,203.0.113.5,23631,80,UDP,274,"FIN,ACK"
2026-07-06T08:13:14,10.0.0.4,203.0.113.4,55505,25,TCP,773,"FIN,ACK"
2026-07-06T08:13:16,10.0.0.8,203.0.113.17,32673,53,UDP,259,"PSH,ACK"
2026-07-06T08:13:19,10.0.0.16,203.0.113.11,5426,53,TCP,295,"SYN,ACK"
2026-07-06T08:13:22,10.0.0.5,203.0.113.22,53456,443,TCP,1116,ACK
2026-07-06T08:13:25,10.0.0.12,203.0.113.18,28966,123,TCP,889,ACK
2026-07-06T08:13:26,10.0.0.15,203.0.113.13,2937,25,TCP,980,"PSH,ACK"
2026-07-06T08:13:28,10.0.0.8,203.0.113.7,19265,25,TCP,1242,"SYN,ACK"
2026-07-06T08:13:31,10.0.0.19,203.0.113.6,24996,53,TCP,997,"SYN,ACK"
2026-07-06T08:13:32,10.0.0.17,203.0.113.17,64326,25,UDP,1282,"PSH,ACK"
2026-07-06T08:13:35,10.0.0.5,203.0.113.12,24091,123,TCP,1439,"FIN,ACK"
2026-07-06T08:13:39,10.0.0.4,203.0.113.22,9802,53,TCP,548,"FIN,ACK"
2026-07-06T08:13:40,10.0.0.13,203.0.113.23,10288,22,UDP,916,ACK
2026-07-06T08:13:42,10.0.0.15,203.0.113.6,32918,25,TCP,1196,ACK
2026-07-06T08:13:44,10.0.0.6,203.0.113.6,21640,123,TCP,795,"SYN,ACK"
2026-07-06T08:13:47,10.0.0.8,203.0.113.27,26186,22,UDP,897,"PSH,ACK"
2026-07-06T08:13:49,10.0.0.16,203.0.113.16,11985,80,TCP,511,"FIN,ACK"
2026-07-06T08:13:49,10.0.0.9,203.0.113.18,19942,443,UDP,1218,"PSH,ACK"
2026-07-06T08:13:52,10.0.0.5,203.0.113.19,8508,53,UDP,1170,"SYN,ACK"
2026-07-06T08:13:55,10.0.0.16,203.0.113.18,15346,123,TCP,1398,ACK
2026-07-06T08:13:56,10.0.0.3,203.0.113.15,18247,53,TCP,959,"SYN,ACK"
2026-07-06T08:13:59,10.0.0.9,203.0.113.7,54154,25,UDP,1309,"PSH,ACK"
2026-07-06T08:14:01,10.0.0.6,203.0.113.26,14565,443,TCP,1227,"FIN,ACK"
2026-07-06T08:14:03,10.0.0.19,203.0.113.6,22234,25,UDP,652,"FIN,ACK"
2026-07-06T08:14:07,10.0.0.18,203.0.113.29,45542,80,TCP,902,"SYN,ACK"
2026-07-06T08:14:11,10.0.0.6,203.0.113.23,57783,443,TCP,359,"FIN,ACK"
2026-07-06T08:14:14,10.0.0.14,203.0.113.16,10341,22,UDP,1345,"PSH,ACK"
2026-07-06T08:14:16,10.0.0.4,203.0.113.21,53098,80,UDP,1115,"FIN,ACK"
2026-07-06T08:14:19,10.0.0.13,203.0.113.15,63299,123,UDP,1251,"SYN,ACK"
2026-07-06T08:14:22,10.0.0.4,203.0.113.24,64734,123,UDP,189,"PSH,ACK"
2026-07-06T08:14:24,10.0.0.15,203.0.113.27,14907,123,UDP,721,"FIN,ACK"
2026-07-06T08:20:00,198.51.100.77,10.0.0.5,38899,20,TCP,44,SYN
2026-07-06T08:20:00,198.51.100.77,10.0.0.5,32831,23,TCP,50,SYN
2026-07-06T08:20:00,198.51.100.77,10.0.0.5,50979,26,TCP,41,SYN
2026-07-06T08:20:00,198.51.100.77,10.0.0.5,42061,29,TCP,54,SYN
2026-07-06T08:20:00,198.51.100.77,10.0.0.5,61935,32,TCP,45,SYN
2026-07-06T08:20:00,198.51.100.77,10.0.0.5,1068,35,TCP,53,SYN
2026-07-06T08:20:00,198.51.100.77,10.0.0.5,46151,38,TCP,44,SYN
2026-07-06T08:20:00,198.51.100.77,10.0.0.5,20807,41,TCP,45,SYN
2026-07-06T08:20:00,198.51.100.77,10.0.0.5,58472,44,TCP,48,SYN
2026-07-06T08:20:00,198.51.100.77,10.0.0.5,24645,47,TCP,48,SYN
2026-07-06T08:20:00,198.51.100.77,10.0.0.5,44573,50,TCP,60,SYN
2026-07-06T08:20:00,198.51.100.77,10.0.0.5,26998,53,TCP,60,SYN
2026-07-06T08:20:00,198.51.100.77,10.0.0.5,46862,56,TCP,47,SYN
2026-07-06T08:20:00,198.51.100.77,10.0.0.5,7000,59,TCP,43,SYN
2026-07-06T08:20:00,198.51.100.77,10.0.0.5,32272,62,TCP,42,SYN
2026-07-06T08:20:00,198.51.100.77,10.0.0.5,15847,65,TCP,56,SYN
2026-07-06T08:20:00,198.51.100.77,10.0.0.5,1632,68,TCP,40,SYN
2026-07-06T08:20:01,198.51.100.77,10.0.0.5,54574,71,TCP,43,SYN
2026-07-06T08:20:01,198.51.100.77,10.0.0.5,28700,74,TCP,44,SYN
2026-07-06T08:20:01,198.51.100.77,10.0.0.5,16028,77,TCP,52,SYN
2026-07-06T08:20:01,198.51.100.77,10.0.0.5,53843,80,TCP,43,SYN
2026-07-06T08:20:01,198.51.100.77,10.0.0.5,25112,83,TCP,49,SYN
2026-07-06T08:20:01,198.51.100.77,10.0.0.5,51713,86,TCP,44,SYN
2026-07-06T08:20:01,198.51.100.77,10.0.0.5,45400,89,TCP,44,SYN
2026-07-06T08:20:01,198.51.100.77,10.0.0.5,37939,92,TCP,40,SYN
2026-07-06T08:20:01,198.51.100.77,10.0.0.5,11779,95,TCP,54,SYN
2026-07-06T08:20:01,198.51.100.77,10.0.0.5,14986,98,TCP,60,SYN
2026-07-06T08:20:01,198.51.100.77,10.0.0.5,61310,101,TCP,53,SYN
2026-07-06T08:20:01,198.51.100.77,10.0.0.5,30016,104,TCP,46,SYN
2026-07-06T08:20:01,198.51.100.77,10.0.0.5,7608,107,TCP,44,SYN
2026-07-06T08:20:01,198.51.100.77,10.0.0.5,39662,110,TCP,52,SYN
2026-07-06T08:20:01,198.51.100.77,10.0.0.5,29164,113,TCP,50,SYN
2026-07-06T08:20:02,198.51.100.77,10.0.0.5,17262,116,TCP,48,SYN
2026-07-06T08:20:02,198.51.100.77,10.0.0.5,17287,119,TCP,57,SYN
2026-07-06T08:20:02,198.51.100.77,10.0.0.5,48287,122,TCP,59,SYN
2026-07-06T08:20:02,198.51.100.77,10.0.0.5,62711,125,TCP,40,SYN
2026-07-06T08:20:02,198.51.100.77,10.0.0.5,44173,128,TCP,49,SYN
2026-07-06T08:20:02,198.51.100.77,10.0.0.5,40799,131,TCP,56,SYN
2026-07-06T08:20:02,198.51.100.77,10.0.0.5,26697,134,TCP,49,SYN
2026-07-06T08:20:02,198.51.100.77,10.0.0.5,52391,137,TCP,47,SYN
2026-07-06T08:20:02,198.51.100.77,10.0.0.5,8412,140,TCP,47,SYN
2026-07-06T08:20:02,198.51.100.77,10.0.0.5,39947,143,TCP,42,SYN
2026-07-06T08:20:02,198.51.100.77,10.0.0.5,65098,146,TCP,40,SYN
2026-07-06T08:20:02,198.51.100.77,10.0.0.5,62229,149,TCP,50,SYN
2026-07-06T08:20:02,198.51.100.77,10.0.0.5,57438,152,TCP,58,SYN
2026-07-06T08:20:02,198.51.100.77,10.0.0.5,36830,155,TCP,45,SYN
2026-07-06T08:20:03,198.51.100.77,10.0.0.5,63575,158,TCP,42,SYN
2026-07-06T08:20:03,198.51.100.77,10.0.0.5,5449,161,TCP,40,SYN
2026-07-06T08:20:03,198.51.100.77,10.0.0.5,3634,164,TCP,41,SYN
2026-07-06T08:20:03,198.51.100.77,10.0.0.5,27105,167,TCP,56,SYN
2026-07-06T08:20:03,198.51.100.77,10.0.0.5,47726,170,TCP,56,SYN
2026-07-06T08:20:03,198.51.100.77,10.0.0.5,28783,173,TCP,52,SYN
2026-07-06T08:20:03,198.51.100.77,10.0.0.5,36188,176,TCP,57,SYN
2026-07-06T08:20:03,198.51.100.77,10.0.0.5,19208,179,TCP,42,SYN
2026-07-06T08:20:03,198.51.100.77,10.0.0.5,34532,182,TCP,46,SYN
2026-07-06T08:20:03,198.51.100.77,10.0.0.5,11206,185,TCP,57,SYN
2026-07-06T08:20:03,198.51.100.77,10.0.0.5,39456,188,TCP,60,SYN
2026-07-06T08:20:03,198.51.100.77,10.0.0.5,43611,191,TCP,60,SYN
2026-07-06T08:20:03,198.51.100.77,10.0.0.5,46812,194,TCP,53,SYN
2026-07-06T08:20:03,198.51.100.77,10.0.0.5,56498,197,TCP,47,SYN
2026-07-06T08:20:03,198.51.100.77,10.0.0.5,6674,200,TCP,53,SYN
2026-07-06T08:20:03,198.51.100.77,10.0.0.5,41151,203,TCP,59,SYN
2026-07-06T08:20:03,198.51.100.77,10.0.0.5,44676,206,TCP,45,SYN
2026-07-06T08:20:04,198.51.100.77,10.0.0.5,47416,209,TCP,44,SYN
2026-07-06T08:20:04,198.51.100.77,10.0.0.5,11760,212,TCP,55,SYN
2026-07-06T08:20:04,198.51.100.77,10.0.0.5,35299,215,TCP,56,SYN
2026-07-06T08:20:04,198.51.100.77,10.0.0.5,48260,218,TCP,48,SYN
2026-07-06T08:20:04,198.51.100.77,10.0.0.5,9342,221,TCP,48,SYN
2026-07-06T08:20:04,198.51.100.77,10.0.0.5,8760,224,TCP,40,SYN
2026-07-06T08:20:04,198.51.100.77,10.0.0.5,29160,227,TCP,48,SYN
2026-07-06T08:20:04,198.51.100.77,10.0.0.5,18256,230,TCP,58,SYN
2026-07-06T08:20:04,198.51.100.77,10.0.0.5,33539,233,TCP,54,SYN
2026-07-06T08:20:04,198.51.100.77,10.0.0.5,4657,236,TCP,55,SYN
2026-07-06T08:20:04,198.51.100.77,10.0.0.5,11960,239,TCP,51,SYN
2026-07-06T08:20:04,198.51.100.77,10.0.0.5,51704,242,TCP,43,SYN
2026-07-06T08:20:04,198.51.100.77,10.0.0.5,45203,245,TCP,43,SYN
2026-07-06T08:20:05,198.51.100.77,10.0.0.5,34370,248,TCP,40,SYN
2026-07-06T08:20:05,198.51.100.77,10.0.0.5,57576,251,TCP,40,SYN
2026-07-06T08:20:05,198.51.100.77,10.0.0.5,31941,254,TCP,51,SYN
2026-07-06T08:20:05,198.51.100.77,10.0.0.5,10859,257,TCP,45,SYN
2026-07-06T08:20:05,198.51.100.77,10.0.0.5,57220,260,TCP,41,SYN
2026-07-06T08:20:05,198.51.100.77,10.0.0.5,60920,263,TCP,60,SYN
2026-07-06T08:20:05,198.51.100.77,10.0.0.5,22113,266,TCP,47,SYN
2026-07-06T08:20:05,198.51.100.77,10.0.0.5,48228,269,TCP,50,SYN
2026-07-06T08:20:05,198.51.100.77,10.0.0.5,6128,272,TCP,58,SYN
2026-07-06T08:20:05,198.51.100.77,10.0.0.5,33925,275,TCP,41,SYN
2026-07-06T08:20:05,198.51.100.77,10.0.0.5,53737,278,TCP,56,SYN
2026-07-06T08:20:05,198.51.100.77,10.0.0.5,63550,281,TCP,52,SYN
2026-07-06T08:20:05,198.51.100.77,10.0.0.5,31504,284,TCP,49,SYN
2026-07-06T08:20:05,198.51.100.77,10.0.0.5,21385,287,TCP,50,SYN
2026-07-06T08:20:05,198.51.100.77,10.0.0.5,30957,290,TCP,40,SYN
2026-07-06T08:20:05,198.51.100.77,10.0.0.5,20133,293,TCP,58,SYN
2026-07-06T08:20:06,198.51.100.77,10.0.0.5,49492,296,TCP,59,SYN
2026-07-06T08:20:06,198.51.100.77,10.0.0.5,25159,299,TCP,58,SYN
2026-07-06T08:20:06,198.51.100.77,10.0.0.5,51657,302,TCP,46,SYN
2026-07-06T08:20:06,198.51.100.77,10.0.0.5,36843,305,TCP,47,SYN
2026-07-06T08:20:06,198.51.100.77,10.0.0.5,62129,308,TCP,53,SYN
2026-07-06T08:20:06,198.51.100.77,10.0.0.5,36514,311,TCP,51,SYN
2026-07-06T08:20:06,198.51.100.77,10.0.0.5,46470,314,TCP,40,SYN
2026-07-06T08:20:06,198.51.100.77,10.0.0.5,1119,317,TCP,52,SYN
2026-07-06T08:20:06,198.51.100.77,10.0.0.5,48682,320,TCP,49,SYN
2026-07-06T08:20:06,198.51.100.77,10.0.0.5,35745,323,TCP,47,SYN
2026-07-06T08:20:06,198.51.100.77,10.0.0.5,64016,326,TCP,41,SYN
2026-07-06T08:20:06,198.51.100.77,10.0.0.5,10354,329,TCP,48,SYN
2026-07-06T08:20:06,198.51.100.77,10.0.0.5,61400,332,TCP,47,SYN
2026-07-06T08:20:06,198.51.100.77,10.0.0.5,35086,335,TCP,53,SYN
2026-07-06T08:20:07,198.51.100.77,10.0.0.5,25435,338,TCP,54,SYN
2026-07-06T08:20:07,198.51.100.77,10.0.0.5,6588,341,TCP,58,SYN
2026-07-06T08:20:07,198.51.100.77,10.0.0.5,9773,344,TCP,60,SYN
2026-07-06T08:20:07,198.51.100.77,10.0.0.5,5928,347,TCP,58,SYN
2026-07-06T08:20:07,198.51.100.77,10.0.0.5,29531,350,TCP,44,SYN
2026-07-06T08:20:07,198.51.100.77,10.0.0.5,18128,353,TCP,50,SYN
2026-07-06T08:20:07,198.51.100.77,10.0.0.5,26776,356,TCP,50,SYN
2026-07-06T08:20:07,198.51.100.77,10.0.0.5,18846,359,TCP,47,SYN
2026-07-06T08:20:07,198.51.100.77,10.0.0.5,14308,362,TCP,44,SYN
2026-07-06T08:20:07,198.51.100.77,10.0.0.5,39343,365,TCP,43,SYN
2026-07-06T08:20:07,198.51.100.77,10.0.0.5,11796,368,TCP,54,SYN
2026-07-06T08:20:07,198.51.100.77,10.0.0.5,27665,371,TCP,43,SYN
2026-07-06T08:20:07,198.51.100.77,10.0.0.5,64242,374,TCP,46,SYN
2026-07-06T08:20:07,198.51.100.77,10.0.0.5,31389,377,TCP,48,SYN
2026-07-06T08:20:08,198.51.100.77,10.0.0.5,6949,380,TCP,45,SYN
2026-07-06T08:20:08,198.51.100.77,10.0.0.5,20961,383,TCP,59,SYN
2026-07-06T08:20:08,198.51.100.77,10.0.0.5,55807,386,TCP,50,SYN
2026-07-06T08:20:08,198.51.100.77,10.0.0.5,47630,389,TCP,47,SYN
2026-07-06T08:20:08,198.51.100.77,10.0.0.5,26992,392,TCP,56,SYN
2026-07-06T08:20:08,198.51.100.77,10.0.0.5,20608,395,TCP,48,SYN
2026-07-06T08:20:08,198.51.100.77,10.0.0.5,12418,398,TCP,40,SYN
2026-07-06T08:20:08,198.51.100.77,10.0.0.5,57031,401,TCP,54,SYN
2026-07-06T08:20:08,198.51.100.77,10.0.0.5,37076,404,TCP,47,SYN
2026-07-06T08:20:08,198.51.100.77,10.0.0.5,7702,407,TCP,44,SYN
2026-07-06T08:20:08,198.51.100.77,10.0.0.5,5065,410,TCP,47,SYN
2026-07-06T08:20:08,198.51.100.77,10.0.0.5,55004,413,TCP,52,SYN
2026-07-06T08:20:08,198.51.100.77,10.0.0.5,42331,416,TCP,60,SYN
2026-07-06T08:20:08,198.51.100.77,10.0.0.5,39435,419,TCP,48,SYN
2026-07-06T08:20:08,198.51.100.77,10.0.0.5,5938,422,TCP,40,SYN
2026-07-06T08:20:09,198.51.100.77,10.0.0.5,13983,425,TCP,60,SYN
2026-07-06T08:20:09,198.51.100.77,10.0.0.5,9464,428,TCP,42,SYN
2026-07-06T08:20:09,198.51.100.77,10.0.0.5,55376,431,TCP,50,SYN
2026-07-06T08:20:09,198.51.100.77,10.0.0.5,62777,434,TCP,54,SYN
2026-07-06T08:20:09,198.51.100.77,10.0.0.5,61587,437,TCP,58,SYN
2026-07-06T08:20:09,198.51.100.77,10.0.0.5,48500,440,TCP,52,SYN
2026-07-06T08:20:09,198.51.100.77,10.0.0.5,26106,443,TCP,53,SYN
2026-07-06T08:20:09,198.51.100.77,10.0.0.5,15095,446,TCP,45,SYN
2026-07-06T08:20:09,198.51.100.77,10.0.0.5,30253,449,TCP,44,SYN
2026-07-06T08:20:09,198.51.100.77,10.0.0.5,41602,452,TCP,59,SYN
2026-07-06T08:20:09,198.51.100.77,10.0.0.5,20364,455,TCP,55,SYN
2026-07-06T08:20:09,198.51.100.77,10.0.0.5,37113,458,TCP,55,SYN
2026-07-06T08:20:09,198.51.100.77,10.0.0.5,19359,461,TCP,52,SYN
2026-07-06T08:20:09,198.51.100.77,10.0.0.5,14095,464,TCP,60,SYN
2026-07-06T08:20:09,198.51.100.77,10.0.0.5,35483,467,TCP,47,SYN
2026-07-06T08:20:09,198.51.100.77,10.0.0.5,53594,470,TCP,57,SYN
2026-07-06T08:20:10,198.51.100.77,10.0.0.5,26091,473,TCP,51,SYN
2026-07-06T08:20:10,198.51.100.77,10.0.0.5,52236,476,TCP,55,SYN
2026-07-06T08:20:10,198.51.100.77,10.0.0.5,38094,479,TCP,56,SYN
2026-07-06T08:20:10,198.51.100.77,10.0.0.5,18747,482,TCP,45,SYN
2026-07-06T08:20:10,198.51.100.77,10.0.0.5,40156,485,TCP,47,SYN
2026-07-06T08:20:10,198.51.100.77,10.0.0.5,54153,488,TCP,48,SYN
2026-07-06T08:20:10,198.51.100.77,10.0.0.5,31936,491,TCP,56,SYN
2026-07-06T08:20:10,198.51.100.77,10.0.0.5,39296,494,TCP,47,SYN
2026-07-06T08:20:10,198.51.100.77,10.0.0.5,7586,497,TCP,47,SYN
2026-07-06T08:20:10,198.51.100.77,10.0.0.5,18491,500,TCP,57,SYN
2026-07-06T08:20:10,198.51.100.77,10.0.0.5,61137,503,TCP,41,SYN
2026-07-06T08:20:10,198.51.100.77,10.0.0.5,63139,506,TCP,47,SYN
2026-07-06T08:20:10,198.51.100.77,10.0.0.5,65423,509,TCP,52,SYN
2026-07-06T08:20:10,198.51.100.77,10.0.0.5,56023,512,TCP,45,SYN
2026-07-06T08:20:10,198.51.100.77,10.0.0.5,39855,515,TCP,50,SYN
2026-07-06T08:20:11,198.51.100.77,10.0.0.5,46743,518,TCP,51,SYN
2026-07-06T08:20:11,198.51.100.77,10.0.0.5,2872,521,TCP,51,SYN
2026-07-06T08:20:11,198.51.100.77,10.0.0.5,37960,524,TCP,44,SYN
2026-07-06T08:20:11,198.51.100.77,10.0.0.5,13360,527,TCP,55,SYN
2026-07-06T08:20:11,198.51.100.77,10.0.0.5,12529,530,TCP,55,SYN
2026-07-06T08:20:11,198.51.100.77,10.0.0.5,4705,533,TCP,47,SYN
2026-07-06T08:20:11,198.51.100.77,10.0.0.5,2330,536,TCP,56,SYN
2026-07-06T08:20:11,198.51.100.77,10.0.0.5,22764,539,TCP,59,SYN
2026-07-06T08:20:11,198.51.100.77,10.0.0.5,9575,542,TCP,50,SYN
2026-07-06T08:20:11,198.51.100.77,10.0.0.5,61237,545,TCP,50,SYN
2026-07-06T08:20:11,198.51.100.77,10.0.0.5,10704,548,TCP,58,SYN
2026-07-06T08:20:11,198.51.100.77,10.0.0.5,10307,551,TCP,43,SYN
2026-07-06T08:20:11,198.51.100.77,10.0.0.5,57428,554,TCP,51,SYN
2026-07-06T08:20:12,198.51.100.77,10.0.0.5,25507,557,TCP,52,SYN
2026-07-06T08:20:12,198.51.100.77,10.0.0.5,23080,560,TCP,49,SYN
2026-07-06T08:20:12,198.51.100.77,10.0.0.5,64978,563,TCP,45,SYN
2026-07-06T08:20:12,198.51.100.77,10.0.0.5,29654,566,TCP,60,SYN
2026-07-06T08:20:12,198.51.100.77,10.0.0.5,43568,569,TCP,50,SYN
2026-07-06T08:20:12,198.51.100.77,10.0.0.5,64511,572,TCP,57,SYN
2026-07-06T08:20:12,198.51.100.77,10.0.0.5,61896,575,TCP,59,SYN
2026-07-06T08:20:12,198.51.100.77,10.0.0.5,15654,578,TCP,58,SYN
2026-07-06T08:20:12,198.51.100.77,10.0.0.5,25821,581,TCP,49,SYN
2026-07-06T08:20:12,198.51.100.77,10.0.0.5,20325,584,TCP,44,SYN
2026-07-06T08:20:12,198.51.100.77,10.0.0.5,1141,587,TCP,58,SYN
2026-07-06T08:20:12,198.51.100.77,10.0.0.5,51541,590,TCP,58,SYN
2026-07-06T08:20:12,198.51.100.77,10.0.0.5,40502,593,TCP,50,SYN
2026-07-06T08:20:13,198.51.100.77,10.0.0.5,64432,596,TCP,59,SYN
2026-07-06T08:20:13,198.51.100.77,10.0.0.5,38087,599,TCP,43,SYN
2026-07-06T08:20:13,198.51.100.77,10.0.0.5,10241,602,TCP,50,SYN
2026-07-06T08:20:13,198.51.100.77,10.0.0.5,16621,605,TCP,51,SYN
2026-07-06T08:20:13,198.51.100.77,10.0.0.5,12026,608,TCP,60,SYN
2026-07-06T08:20:13,198.51.100.77,10.0.0.5,6838,611,TCP,60,SYN
2026-07-06T08:20:13,198.51.100.77,10.0.0.5,23027,614,TCP,54,SYN
2026-07-06T08:20:13,198.51.100.77,10.0.0.5,14765,617,TCP,47,SYN
2026-07-06T08:20:13,198.51.100.77,10.0.0.5,23993,620,TCP,48,SYN
2026-07-06T08:20:13,198.51.100.77,10.0.0.5,48237,623,TCP,40,SYN
2026-07-06T08:20:13,198.51.100.77,10.0.0.5,29743,626,TCP,53,SYN
2026-07-06T08:20:13,198.51.100.77,10.0.0.5,58993,629,TCP,53,SYN
2026-07-06T08:20:14,198.51.100.77,10.0.0.5,25843,632,TCP,51,SYN
2026-07-06T08:20:14,198.51.100.77,10.0.0.5,7671,635,TCP,55,SYN
2026-07-06T08:20:14,198.51.100.77,10.0.0.5,38907,638,TCP,60,SYN
2026-07-06T08:20:14,198.51.100.77,10.0.0.5,15807,641,TCP,45,SYN
2026-07-06T08:20:14,198.51.100.77,10.0.0.5,53400,644,TCP,41,SYN
2026-07-06T08:20:14,198.51.100.77,10.0.0.5,21911,647,TCP,48,SYN
2026-07-06T08:20:14,198.51.100.77,10.0.0.5,5886,650,TCP,50,SYN
2026-07-06T08:20:14,198.51.100.77,10.0.0.5,25630,653,TCP,45,SYN
2026-07-06T08:20:14,198.51.100.77,10.0.0.5,36875,656,TCP,42,SYN
2026-07-06T08:20:14,198.51.100.77,10.0.0.5,41239,659,TCP,55,SYN
2026-07-06T08:20:14,198.51.100.77,10.0.0.5,29291,662,TCP,60,SYN
2026-07-06T08:20:14,198.51.100.77,10.0.0.5,59334,665,TCP,53,SYN
2026-07-06T08:20:14,198.51.100.77,10.0.0.5,7660,668,TCP,50,SYN
2026-07-06T08:20:14,198.51.100.77,10.0.0.5,13474,671,TCP,53,SYN
2026-07-06T08:20:14,198.51.100.77,10.0.0.5,48343,674,TCP,57,SYN
2026-07-06T08:20:15,198.51.100.77,10.0.0.5,19473,677,TCP,49,SYN
2026-07-06T08:20:15,198.51.100.77,10.0.0.5,4276,680,TCP,52,SYN
2026-07-06T08:20:15,198.51.100.77,10.0.0.5,56064,683,TCP,55,SYN
2026-07-06T08:20:15,198.51.100.77,10.0.0.5,24671,686,TCP,40,SYN
2026-07-06T08:20:15,198.51.100.77,10.0.0.5,20327,689,TCP,60,SYN
2026-07-06T08:20:15,198.51.100.77,10.0.0.5,14109,692,TCP,43,SYN
2026-07-06T08:20:15,198.51.100.77,10.0.0.5,12219,695,TCP,60,SYN
2026-07-06T08:20:15,198.51.100.77,10.0.0.5,6393,698,TCP,55,SYN
2026-07-06T08:20:15,198.51.100.77,10.0.0.5,21232,701,TCP,52,SYN
2026-07-06T08:20:15,198.51.100.77,10.0.0.5,59670,704,TCP,48,SYN
2026-07-06T08:20:15,198.51.100.77,10.0.0.5,36683,707,TCP,52,SYN
2026-07-06T08:20:15,198.51.100.77,10.0.0.5,59055,710,TCP,52,SYN
2026-07-06T08:20:15,198.51.100.77,10.0.0.5,30238,713,TCP,41,SYN
2026-07-06T08:20:15,198.51.100.77,10.0.0.5,31502,716,TCP,48,SYN
2026-07-06T08:20:15,198.51.100.77,10.0.0.5,18624,719,TCP,58,SYN
2026-07-06T08:20:15,198.51.100.77,10.0.0.5,50322,722,TCP,43,SYN
2026-07-06T08:20:15,198.51.100.77,10.0.0.5,23554,725,TCP,57,SYN
2026-07-06T08:20:15,198.51.100.77,10.0.0.5,50599,728,TCP,58,SYN
2026-07-06T08:20:15,198.51.100.77,10.0.0.5,5020,731,TCP,52,SYN
2026-07-06T08:20:16,198.51.100.77,10.0.0.5,28459,734,TCP,57,SYN
2026-07-06T08:20:16,198.51.100.77,10.0.0.5,62389,737,TCP,55,SYN
2026-07-06T08:20:16,198.51.100.77,10.0.0.5,16467,740,TCP,55,SYN
2026-07-06T08:20:16,198.51.100.77,10.0.0.5,26897,743,TCP,41,SYN
2026-07-06T08:20:16,198.51.100.77,10.0.0.5,60036,746,TCP,56,SYN
2026-07-06T08:20:16,198.51.100.77,10.0.0.5,45426,749,TCP,59,SYN
2026-07-06T08:20:16,198.51.100.77,10.0.0.5,63234,752,TCP,54,SYN
2026-07-06T08:20:16,198.51.100.77,10.0.0.5,65535,755,TCP,45,SYN
2026-07-06T08:20:16,198.51.100.77,10.0.0.5,54007,758,TCP,46,SYN
2026-07-06T08:20:16,198.51.100.77,10.0.0.5,28770,761,TCP,42,SYN
2026-07-06T08:20:16,198.51.100.77,10.0.0.5,29557,764,TCP,46,SYN
2026-07-06T08:20:16,198.51.100.77,10.0.0.5,42129,767,TCP,44,SYN
2026-07-06T08:20:16,198.51.100.77,10.0.0.5,17924,770,TCP,50,SYN
2026-07-06T08:20:17,198.51.100.77,10.0.0.5,60935,773,TCP,42,SYN
2026-07-06T08:20:17,198.51.100.77,10.0.0.5,37485,776,TCP,52,SYN
2026-07-06T08:20:17,198.51.100.77,10.0.0.5,57163,779,TCP,48,SYN
2026-07-06T08:20:17,198.51.100.77,10.0.0.5,61131,782,TCP,40,SYN
2026-07-06T08:20:17,198.51.100.77,10.0.0.5,41856,785,TCP,58,SYN
2026-07-06T08:20:17,198.51.100.77,10.0.0.5,28522,788,TCP,43,SYN
2026-07-06T08:20:17,198.51.100.77,10.0.0.5,10736,791,TCP,58,SYN
2026-07-06T08:20:17,198.51.100.77,10.0.0.5,50725,794,TCP,43,SYN
2026-07-06T08:20:17,198.51.100.77,10.0.0.5,37900,797,TCP,43,SYN
2026-07-06T08:20:17,198.51.100.77,10.0.0.5,57874,800,TCP,57,SYN
2026-07-06T08:20:17,198.51.100.77,10.0.0.5,58557,803,TCP,53,SYN
2026-07-06T08:20:17,198.51.100.77,10.0.0.5,43936,806,TCP,55,SYN
2026-07-06T08:20:18,198.51.100.77,10.0.0.5,32025,809,TCP,41,SYN
2026-07-06T08:20:18,198.51.100.77,10.0.0.5,27433,812,TCP,44,SYN
2026-07-06T08:20:18,198.51.100.77,10.0.0.5,45641,815,TCP,52,SYN
2026-07-06T08:20:18,198.51.100.77,10.0.0.5,59323,818,TCP,50,SYN
2026-07-06T08:20:18,198.51.100.77,10.0.0.5,4254,821,TCP,55,SYN
2026-07-06T08:20:18,198.51.100.77,10.0.0.5,59811,824,TCP,51,SYN
2026-07-06T08:20:18,198.51.100.77,10.0.0.5,54592,827,TCP,49,SYN
2026-07-06T08:20:18,198.51.100.77,10.0.0.5,56260,830,TCP,55,SYN
2026-07-06T08:20:18,198.51.100.77,10.0.0.5,45906,833,TCP,43,SYN
2026-07-06T08:20:18,198.51.100.77,10.0.0.5,15963,836,TCP,44,SYN
2026-07-06T08:20:18,198.51.100.77,10.0.0.5,49764,839,TCP,54,SYN
2026-07-06T08:20:18,198.51.100.77,10.0.0.5,22052,842,TCP,48,SYN
2026-07-06T08:20:18,198.51.100.77,10.0.0.5,40671,845,TCP,60,SYN
2026-07-06T08:20:18,198.51.100.77,10.0.0.5,29972,848,TCP,46,SYN
2026-07-06T08:20:19,198.51.100.77,10.0.0.5,27708,851,TCP,55,SYN
2026-07-06T08:20:19,198.51.100.77,10.0.0.5,57856,854,TCP,51,SYN
2026-07-06T08:20:19,198.51.100.77,10.0.0.5,34792,857,TCP,45,SYN
2026-07-06T08:20:19,198.51.100.77,10.0.0.5,47526,860,TCP,56,SYN
2026-07-06T08:20:19,198.51.100.77,10.0.0.5,52175,863,TCP,56,SYN
2026-07-06T08:20:19,198.51.100.77,10.0.0.5,2921,866,TCP,45,SYN
2026-07-06T08:20:19,198.51.100.77,10.0.0.5,55610,869,TCP,46,SYN
2026-07-06T08:20:19,198.51.100.77,10.0.0.5,17374,872,TCP,41,SYN
2026-07-06T08:20:19,198.51.100.77,10.0.0.5,61188,875,TCP,51,SYN
2026-07-06T08:20:19,198.51.100.77,10.0.0.5,18979,878,TCP,51,SYN
2026-07-06T08:20:19,198.51.100.77,10.0.0.5,34127,881,TCP,52,SYN
2026-07-06T08:20:19,198.51.100.77,10.0.0.5,9142,884,TCP,40,SYN
2026-07-06T08:20:19,198.51.100.77,10.0.0.5,33057,887,TCP,59,SYN
2026-07-06T08:20:20,198.51.100.77,10.0.0.5,63972,890,TCP,55,SYN
2026-07-06T08:20:20,198.51.100.77,10.0.0.5,23945,893,TCP,51,SYN
2026-07-06T08:20:20,198.51.100.77,10.0.0.5,59645,896,TCP,48,SYN
2026-07-06T08:20:20,198.51.100.77,10.0.0.5,46168,899,TCP,42,SYN
2026-07-06T08:20:20,198.51.100.77,10.0.0.5,26357,902,TCP,41,SYN
2026-07-06T08:20:20,198.51.100.77,10.0.0.5,38527,905,TCP,46,SYN
2026-07-06T08:20:20,198.51.100.77,10.0.0.5,43450,908,TCP,47,SYN
2026-07-06T08:20:20,198.51.100.77,10.0.0.5,18658,911,TCP,60,SYN
2026-07-06T08:20:20,198.51.100.77,10.0.0.5,2338,914,TCP,40,SYN
2026-07-06T08:20:20,198.51.100.77,10.0.0.5,9695,917,TCP,60,SYN
2026-07-06T08:20:20,198.51.100.77,10.0.0.5,53509,920,TCP,40,SYN
2026-07-06T08:20:20,198.51.100.77,10.0.0.5,40892,923,TCP,49,SYN
2026-07-06T08:20:20,198.51.100.77,10.0.0.5,47513,926,TCP,60,SYN
2026-07-06T08:20:20,198.51.100.77,10.0.0.5,59710,929,TCP,52,SYN
2026-07-06T08:20:20,198.51.100.77,10.0.0.5,31104,932,TCP,48,SYN
2026-07-06T08:20:21,198.51.100.77,10.0.0.5,20825,935,TCP,56,SYN
2026-07-06T08:20:21,198.51.100.77,10.0.0.5,27051,938,TCP,58,SYN
2026-07-06T08:20:21,198.51.100.77,10.0.0.5,34546,941,TCP,51,SYN
2026-07-06T08:20:21,198.51.100.77,10.0.0.5,39937,944,TCP,59,SYN
2026-07-06T08:20:21,198.51.100.77,10.0.0.5,45877,947,TCP,43,SYN
2026-07-06T08:20:21,198.51.100.77,10.0.0.5,23062,950,TCP,48,SYN
2026-07-06T08:20:21,198.51.100.77,10.0.0.5,57482,953,TCP,48,SYN
2026-07-06T08:20:21,198.51.100.77,10.0.0.5,47626,956,TCP,60,SYN
2026-07-06T08:20:21,198.51.100.77,10.0.0.5,10849,959,TCP,56,SYN
2026-07-06T08:20:21,198.51.100.77,10.0.0.5,59985,962,TCP,41,SYN
2026-07-06T08:20:21,198.51.100.77,10.0.0.5,53607,965,TCP,59,SYN
2026-07-06T08:20:21,198.51.100.77,10.0.0.5,21968,968,TCP,44,SYN
2026-07-06T08:20:21,198.51.100.77,10.0.0.5,43976,971,TCP,55,SYN
2026-07-06T08:20:21,198.51.100.77,10.0.0.5,18025,974,TCP,53,SYN
2026-07-06T08:20:22,198.51.100.77,10.0.0.5,49306,977,TCP,41,SYN
2026-07-06T08:20:22,198.51.100.77,10.0.0.5,38513,980,TCP,46,SYN
2026-07-06T08:20:22,198.51.100.77,10.0.0.5,47775,983,TCP,47,SYN
2026-07-06T08:20:22,198.51.100.77,10.0.0.5,42856,986,TCP,55,SYN
2026-07-06T08:20:22,198.51.100.77,10.0.0.5,45055,989,TCP,51,SYN
2026-07-06T08:20:22,198.51.100.77,10.0.0.5,56429,992,TCP,45,SYN
2026-07-06T08:20:22,198.51.100.77,10.0.0.5,58465,995,TCP,57,SYN
2026-07-06T08:20:22,198.51.100.77,10.0.0.5,7420,998,TCP,55,SYN
2026-07-06T08:20:22,198.51.100.77,10.0.0.5,17975,1001,TCP,57,SYN
2026-07-06T08:20:22,198.51.100.77,10.0.0.5,13021,1004,TCP,50,SYN
2026-07-06T08:20:22,198.51.100.77,10.0.0.5,15589,1007,TCP,51,SYN
2026-07-06T08:20:22,198.51.100.77,10.0.0.5,58134,1010,TCP,49,SYN
2026-07-06T08:20:22,198.51.100.77,10.0.0.5,59144,1013,TCP,50,SYN
2026-07-06T08:20:22,198.51.100.77,10.0.0.5,39399,1016,TCP,49,SYN
2026-07-06T08:20:23,198.51.100.77,10.0.0.5,8742,1019,TCP,55,SYN
2026-07-06T08:20:23,198.51.100.77,10.0.0.5,42599,1022,TCP,58,SYN
2026-07-06T08:20:23,198.51.100.77,10.0.0.5,41699,1025,TCP,42,SYN
2026-07-06T08:20:23,198.51.100.77,10.0.0.5,13773,1028,TCP,56,SYN
2026-07-06T08:20:23,198.51.100.77,10.0.0.5,45634,1031,TCP,52,SYN
2026-07-06T08:20:23,198.51.100.77,10.0.0.5,28097,1034,TCP,41,SYN
2026-07-06T08:20:23,198.51.100.77,10.0.0.5,10905,1037,TCP,44,SYN
2026-07-06T08:35:00,198.51.100.88,10.0.0.9,23481,80,TCP,66,SYN
2026-07-06T08:35:00,198.51.100.88,10.0.0.9,59537,80,TCP,98,SYN
2026-07-06T08:35:00,198.51.100.88,10.0.0.9,10410,80,TCP,60,SYN
2026-07-06T08:35:00,198.51.100.88,10.0.0.9,12843,80,TCP,89,SYN
2026-07-06T08:35:00,198.51.100.88,10.0.0.9,22823,80,TCP,80,SYN
2026-07-06T08:35:00,198.51.100.88,10.0.0.9,21563,80,TCP,80,SYN
2026-07-06T08:35:00,198.51.100.88,10.0.0.9,30649,80,TCP,57,SYN
2026-07-06T08:35:00,198.51.100.88,10.0.0.9,51718,80,TCP,50,SYN
2026-07-06T08:35:00,198.51.100.88,10.0.0.9,11407,80,TCP,71,SYN
2026-07-06T08:35:00,198.51.100.88,10.0.0.9,52125,80,TCP,45,SYN
2026-07-06T08:35:00,198.51.100.88,10.0.0.9,29447,80,TCP,80,SYN
2026-07-06T08:35:00,198.51.100.88,10.0.0.9,29140,80,TCP,70,SYN
2026-07-06T08:35:00,198.51.100.88,10.0.0.9,3496,80,TCP,74,SYN
2026-07-06T08:35:00,198.51.100.88,10.0.0.9,25475,80,TCP,100,SYN
2026-07-06T08:35:00,198.51.100.88,10.0.0.9,22140,80,TCP,88,SYN
2026-07-06T08:35:00,198.51.100.88,10.0.0.9,13513,80,TCP,41,SYN
2026-07-06T08:35:00,198.51.100.88,10.0.0.9,42094,80,TCP,86,SYN
2026-07-06T08:35:00,198.51.100.88,10.0.0.9,46474,80,TCP,96,SYN
2026-07-06T08:35:00,198.51.100.88,10.0.0.9,9473,80,TCP,46,SYN
2026-07-06T08:35:00,198.51.100.88,10.0.0.9,39603,80,TCP,59,SYN
2026-07-06T08:35:00,198.51.100.88,10.0.0.9,55015,80,TCP,42,SYN
2026-07-06T08:35:00,198.51.100.88,10.0.0.9,20083,80,TCP,69,SYN
2026-07-06T08:35:00,198.51.100.88,10.0.0.9,40107,80,TCP,73,SYN
2026-07-06T08:35:00,198.51.100.88,10.0.0.9,59218,80,TCP,83,SYN
2026-07-06T08:35:00,198.51.100.88,10.0.0.9,23485,80,TCP,97,SYN
2026-07-06T08:35:00,198.51.100.88,10.0.0.9,50183,80,TCP,52,SYN
2026-07-06T08:35:00,198.51.100.88,10.0.0.9,60458,80,TCP,98,SYN
2026-07-06T08:35:00,198.51.100.88,10.0.0.9,2277,80,TCP,54,SYN
2026-07-06T08:35:00,198.51.100.88,10.0.0.9,9622,80,TCP,53,SYN
2026-07-06T08:35:00,198.51.100.88,10.0.0.9,39670,80,TCP,72,SYN
2026-07-06T08:35:00,198.51.100.88,10.0.0.9,25048,80,TCP,85,SYN
2026-07-06T08:35:00,198.51.100.88,10.0.0.9,3472,80,TCP,64,SYN
2026-07-06T08:35:00,198.51.100.88,10.0.0.9,17787,80,TCP,89,SYN
2026-07-06T08:35:00,198.51.100.88,10.0.0.9,4208,80,TCP,78,SYN
2026-07-06T08:35:00,198.51.100.88,10.0.0.9,44406,80,TCP,46,SYN
2026-07-06T08:35:00,198.51.100.88,10.0.0.9,2317,80,TCP,43,SYN
2026-07-06T08:35:00,198.51.100.88,10.0.0.9,28337,80,TCP,68,SYN
2026-07-06T08:35:00,198.51.100.88,10.0.0.9,36890,80,TCP,56,SYN
2026-07-06T08:35:00,198.51.100.88,10.0.0.9,11059,80,TCP,53,SYN
2026-07-06T08:35:00,198.51.100.88,10.0.0.9,42332,80,TCP,40,SYN
2026-07-06T08:35:00,198.51.100.88,10.0.0.9,44386,80,TCP,46,SYN
2026-07-06T08:35:00,198.51.100.88,10.0.0.9,18717,80,TCP,79,SYN
2026-07-06T08:35:00,198.51.100.88,10.0.0.9,10013,80,TCP,66,SYN
2026-07-06T08:35:00,198.51.100.88,10.0.0.9,7899,80,TCP,72,SYN
2026-07-06T08:35:00,198.51.100.88,10.0.0.9,8739,80,TCP,58,SYN
2026-07-06T08:35:00,198.51.100.88,10.0.0.9,7988,80,TCP,71,SYN
2026-07-06T08:35:00,198.51.100.88,10.0.0.9,14114,80,TCP,89,SYN
2026-07-06T08:35:00,198.51.100.88,10.0.0.9,35308,80,TCP,52,SYN
2026-07-06T08:35:00,198.51.100.88,10.0.0.9,27877,80,TCP,58,SYN
2026-07-06T08:35:00,198.51.100.88,10.0.0.9,36946,80,TCP,71,SYN
2026-07-06T08:35:00,198.51.100.88,10.0.0.9,46126,80,TCP,99,SYN
2026-07-06T08:35:00,198.51.100.88,10.0.0.9,16392,80,TCP,40,SYN
2026-07-06T08:35:00,198.51.100.88,10.0.0.9,6856,80,TCP,98,SYN
2026-07-06T08:35:00,198.51.100.88,10.0.0.9,38651,80,TCP,82,SYN
2026-07-06T08:35:00,198.51.100.88,10.0.0.9,63246,80,TCP,45,SYN
2026-07-06T08:35:00,198.51.100.88,10.0.0.9,5942,80,TCP,86,SYN
2026-07-06T08:35:00,198.51.100.88,10.0.0.9,60319,80,TCP,56,SYN
2026-07-06T08:35:00,198.51.100.88,10.0.0.9,30957,80,TCP,58,SYN
2026-07-06T08:35:00,198.51.100.88,10.0.0.9,4306,80,TCP,46,SYN
2026-07-06T08:35:00,198.51.100.88,10.0.0.9,58311,80,TCP,42,SYN
2026-07-06T08:35:00,198.51.100.88,10.0.0.9,24631,80,TCP,91,SYN
2026-07-06T08:35:00,198.51.100.88,10.0.0.9,28942,80,TCP,87,SYN
2026-07-06T08:35:00,198.51.100.88,10.0.0.9,56811,80,TCP,88,SYN
2026-07-06T08:35:00,198.51.100.88,10.0.0.9,1657,80,TCP,94,SYN
2026-07-06T08:35:00,198.51.100.88,10.0.0.9,43438,80,TCP,50,SYN
2026-07-06T08:35:00,198.51.100.88,10.0.0.9,59647,80,TCP,68,SYN
2026-07-06T08:35:00,198.51.100.88,10.0.0.9,18607,80,TCP,96,SYN
2026-07-06T08:35:00,198.51.100.88,10.0.0.9,25444,80,TCP,92,SYN
2026-07-06T08:35:00,198.51.100.88,10.0.0.9,8484,80,TCP,65,SYN
2026-07-06T08:35:00,198.51.100.88,10.0.0.9,30943,80,TCP,57,SYN
2026-07-06T08:35:00,198.51.100.88,10.0.0.9,46237,80,TCP,94,SYN
2026-07-06T08:35:00,198.51.100.88,10.0.0.9,28663,80,TCP,81,SYN
2026-07-06T08:35:00,198.51.100.88,10.0.0.9,11954,80,TCP,47,SYN
2026-07-06T08:35:00,198.51.100.88,10.0.0.9,48630,80,TCP,43,SYN
2026-07-06T08:35:00,198.51.100.88,10.0.0.9,56359,80,TCP,50,SYN
2026-07-06T08:35:00,198.51.100.88,10.0.0.9,60742,80,TCP,77,SYN
2026-07-06T08:35:00,198.51.100.88,10.0.0.9,38310,80,TCP,83,SYN
2026-07-06T08:35:00,198.51.100.88,10.0.0.9,41087,80,TCP,64,SYN
2026-07-06T08:35:00,198.51.100.88,10.0.0.9,41089,80,TCP,41,SYN
2026-07-06T08:35:00,198.51.100.88,10.0.0.9,58692,80,TCP,93,SYN
2026-07-06T08:35:00,198.51.100.88,10.0.0.9,59466,80,TCP,48,SYN
2026-07-06T08:35:00,198.51.100.88,10.0.0.9,33013,80,TCP,47,SYN
2026-07-06T08:35:00,198.51.100.88,10.0.0.9,29904,80,TCP,42,SYN
2026-07-06T08:35:00,198.51.100.88,10.0.0.9,43948,80,TCP,60,SYN
2026-07-06T08:35:00,198.51.100.88,10.0.0.9,57931,80,TCP,83,SYN
2026-07-06T08:35:00,198.51.100.88,10.0.0.9,49758,80,TCP,76,SYN
2026-07-06T08:35:00,198.51.100.88,10.0.0.9,15703,80,TCP,82,SYN
2026-07-06T08:35:00,198.51.100.88,10.0.0.9,35043,80,TCP,73,SYN
2026-07-06T08:35:00,198.51.100.88,10.0.0.9,41540,80,TCP,46,SYN
2026-07-06T08:35:00,198.51.100.88,10.0.0.9,48645,80,TCP,55,SYN
2026-07-06T08:35:00,198.51.100.88,10.0.0.9,44520,80,TCP,83,SYN
2026-07-06T08:35:00,198.51.100.88,10.0.0.9,10766,80,TCP,93,SYN
2026-07-06T08:35:00,198.51.100.88,10.0.0.9,59486,80,TCP,79,SYN
2026-07-06T08:35:00,198.51.100.88,10.0.0.9,43189,80,TCP,99,SYN
2026-07-06T08:35:00,198.51.100.88,10.0.0.9,56653,80,TCP,70,SYN
2026-07-06T08:35:00,198.51.100.88,10.0.0.9,58002,80,TCP,50,SYN
2026-07-06T08:35:00,198.51.100.88,10.0.0.9,33244,80,TCP,60,SYN
2026-07-06T08:35:00,198.51.100.88,10.0.0.9,64603,80,TCP,57,SYN
2026-07-06T08:35:00,198.51.100.88,10.0.0.9,15619,80,TCP,75,SYN
2026-07-06T08:35:00,198.51.100.88,10.0.0.9,27453,80,TCP,92,SYN
2026-07-06T08:35:00,198.51.100.88,10.0.0.9,31111,80,TCP,68,SYN
2026-07-06T08:35:00,198.51.100.88,10.0.0.9,30390,80,TCP,45,SYN
2026-07-06T08:35:00,198.51.100.88,10.0.0.9,30323,80,TCP,60,SYN
2026-07-06T08:35:00,198.51.100.88,10.0.0.9,33619,80,TCP,87,SYN
2026-07-06T08:35:00,198.51.100.88,10.0.0.9,7750,80,TCP,65,SYN
2026-07-06T08:35:00,198.51.100.88,10.0.0.9,37536,80,TCP,75,SYN
2026-07-06T08:35:00,198.51.100.88,10.0.0.9,6980,80,TCP,90,SYN
2026-07-06T08:35:00,198.51.100.88,10.0.0.9,41595,80,TCP,80,SYN
2026-07-06T08:35:00,198.51.100.88,10.0.0.9,34338,80,TCP,75,SYN
2026-07-06T08:35:00,198.51.100.88,10.0.0.9,45029,80,TCP,69,SYN
2026-07-06T08:35:00,198.51.100.88,10.0.0.9,24836,80,TCP,92,SYN
2026-07-06T08:35:00,198.51.100.88,10.0.0.9,15633,80,TCP,94,SYN
2026-07-06T08:35:00,198.51.100.88,10.0.0.9,37734,80,TCP,89,SYN
2026-07-06T08:35:00,198.51.100.88,10.0.0.9,32031,80,TCP,85,SYN
2026-07-06T08:35:00,198.51.100.88,10.0.0.9,47942,80,TCP,68,SYN
2026-07-06T08:35:00,198.51.100.88,10.0.0.9,50786,80,TCP,82,SYN
2026-07-06T08:35:00,198.51.100.88,10.0.0.9,23395,80,TCP,62,SYN
2026-07-06T08:35:00,198.51.100.88,10.0.0.9,64229,80,TCP,91,SYN
2026-07-06T08:35:00,198.51.100.88,10.0.0.9,35232,80,TCP,63,SYN
2026-07-06T08:35:00,198.51.100.88,10.0.0.9,4024,80,TCP,97,SYN
2026-07-06T08:35:00,198.51.100.88,10.0.0.9,10228,80,TCP,92,SYN
2026-07-06T08:35:00,198.51.100.88,10.0.0.9,48312,80,TCP,66,SYN
2026-07-06T08:35:00,198.51.100.88,10.0.0.9,41056,80,TCP,52,SYN
2026-07-06T08:35:00,198.51.100.88,10.0.0.9,61986,80,TCP,94,SYN
2026-07-06T08:35:00,198.51.100.88,10.0.0.9,30976,80,TCP,92,SYN
2026-07-06T08:35:01,198.51.100.88,10.0.0.9,47999,80,TCP,61,SYN
2026-07-06T08:35:01,198.51.100.88,10.0.0.9,28186,80,TCP,42,SYN
2026-07-06T08:35:01,198.51.100.88,10.0.0.9,55908,80,TCP,83,SYN
2026-07-06T08:35:01,198.51.100.88,10.0.0.9,51627,80,TCP,97,SYN
2026-07-06T08:35:01,198.51.100.88,10.0.0.9,44176,80,TCP,77,SYN
2026-07-06T08:35:01,198.51.100.88,10.0.0.9,9847,80,TCP,71,SYN
2026-07-06T08:35:01,198.51.100.88,10.0.0.9,49272,80,TCP,43,SYN
2026-07-06T08:35:01,198.51.100.88,10.0.0.9,29388,80,TCP,93,SYN
2026-07-06T08:35:01,198.51.100.88,10.0.0.9,61603,80,TCP,72,SYN
2026-07-06T08:35:01,198.51.100.88,10.0.0.9,60673,80,TCP,51,SYN
2026-07-06T08:35:01,198.51.100.88,10.0.0.9,12404,80,TCP,86,SYN
2026-07-06T08:35:01,198.51.100.88,10.0.0.9,7810,80,TCP,64,SYN
2026-07-06T08:35:01,198.51.100.88,10.0.0.9,40749,80,TCP,96,SYN
2026-07-06T08:35:01,198.51.100.88,10.0.0.9,58786,80,TCP,64,SYN
2026-07-06T08:35:01,198.51.100.88,10.0.0.9,40935,80,TCP,98,SYN
2026-07-06T08:35:01,198.51.100.88,10.0.0.9,17292,80,TCP,57,SYN
2026-07-06T08:35:01,198.51.100.88,10.0.0.9,23493,80,TCP,58,SYN
2026-07-06T08:35:01,198.51.100.88,10.0.0.9,9764,80,TCP,48,SYN
2026-07-06T08:35:01,198.51.100.88,10.0.0.9,46900,80,TCP,96,SYN
2026-07-06T08:35:01,198.51.100.88,10.0.0.9,20613,80,TCP,93,SYN
2026-07-06T08:35:01,198.51.100.88,10.0.0.9,57431,80,TCP,60,SYN
2026-07-06T08:35:01,198.51.100.88,10.0.0.9,62333,80,TCP,75,SYN
2026-07-06T08:35:01,198.51.100.88,10.0.0.9,14189,80,TCP,53,SYN
2026-07-06T08:35:01,198.51.100.88,10.0.0.9,20067,80,TCP,83,SYN
2026-07-06T08:35:01,198.51.100.88,10.0.0.9,45088,80,TCP,48,SYN
2026-07-06T08:35:01,198.51.100.88,10.0.0.9,43628,80,TCP,51,SYN
2026-07-06T08:35:01,198.51.100.88,10.0.0.9,46526,80,TCP,80,SYN
2026-07-06T08:35:01,198.51.100.88,10.0.0.9,8587,80,TCP,88,SYN
2026-07-06T08:35:01,198.51.100.88,10.0.0.9,32505,80,TCP,77,SYN
2026-07-06T08:35:01,198.51.100.88,10.0.0.9,44746,80,TCP,85,SYN
2026-07-06T08:35:01,198.51.100.88,10.0.0.9,50036,80,TCP,97,SYN
2026-07-06T08:35:01,198.51.100.88,10.0.0.9,19762,80,TCP,96,SYN
2026-07-06T08:35:01,198.51.100.88,10.0.0.9,53997,80,TCP,40,SYN
2026-07-06T08:35:01,198.51.100.88,10.0.0.9,2680,80,TCP,64,SYN
2026-07-06T08:35:01,198.51.100.88,10.0.0.9,44949,80,TCP,43,SYN
2026-07-06T08:35:01,198.51.100.88,10.0.0.9,50188,80,TCP,90,SYN
2026-07-06T08:35:01,198.51.100.88,10.0.0.9,19807,80,TCP,83,SYN
2026-07-06T08:35:01,198.51.100.88,10.0.0.9,56033,80,TCP,43,SYN
2026-07-06T08:35:01,198.51.100.88,10.0.0.9,20366,80,TCP,53,SYN
2026-07-06T08:35:01,198.51.100.88,10.0.0.9,3141,80,TCP,62,SYN
2026-07-06T08:35:01,198.51.100.88,10.0.0.9,7740,80,TCP,79,SYN
2026-07-06T08:35:01,198.51.100.88,10.0.0.9,49487,80,TCP,75,SYN
2026-07-06T08:35:01,198.51.100.88,10.0.0.9,49678,80,TCP,81,SYN
2026-07-06T08:35:01,198.51.100.88,10.0.0.9,16595,80,TCP,72,SYN
2026-07-06T08:35:01,198.51.100.88,10.0.0.9,53375,80,TCP,84,SYN
2026-07-06T08:35:01,198.51.100.88,10.0.0.9,44572,80,TCP,43,SYN
2026-07-06T08:35:01,198.51.100.88,10.0.0.9,26422,80,TCP,66,SYN
2026-07-06T08:35:01,198.51.100.88,10.0.0.9,64975,80,TCP,83,SYN
2026-07-06T08:35:01,198.51.100.88,10.0.0.9,37208,80,TCP,43,SYN
2026-07-06T08:35:01,198.51.100.88,10.0.0.9,17495,80,TCP,52,SYN
2026-07-06T08:35:01,198.51.100.88,10.0.0.9,52202,80,TCP,95,SYN
2026-07-06T08:35:01,198.51.100.88,10.0.0.9,55417,80,TCP,54,SYN
2026-07-06T08:35:01,198.51.100.88,10.0.0.9,47202,80,TCP,85,SYN
2026-07-06T08:35:01,198.51.100.88,10.0.0.9,50510,80,TCP,77,SYN
2026-07-06T08:35:01,198.51.100.88,10.0.0.9,40567,80,TCP,52,SYN
2026-07-06T08:35:01,198.51.100.88,10.0.0.9,64219,80,TCP,52,SYN
2026-07-06T08:35:01,198.51.100.88,10.0.0.9,12651,80,TCP,83,SYN
2026-07-06T08:35:01,198.51.100.88,10.0.0.9,64100,80,TCP,51,SYN
2026-07-06T08:35:01,198.51.100.88,10.0.0.9,8845,80,TCP,64,SYN
2026-07-06T08:35:01,198.51.100.88,10.0.0.9,19315,80,TCP,75,SYN
2026-07-06T08:35:01,198.51.100.88,10.0.0.9,11570,80,TCP,77,SYN
2026-07-06T08:35:01,198.51.100.88,10.0.0.9,1393,80,TCP,61,SYN
2026-07-06T08:35:01,198.51.100.88,10.0.0.9,62463,80,TCP,49,SYN
2026-07-06T08:35:01,198.51.100.88,10.0.0.9,61882,80,TCP,60,SYN
2026-07-06T08:35:01,198.51.100.88,10.0.0.9,51726,80,TCP,99,SYN
2026-07-06T08:35:01,198.51.100.88,10.0.0.9,56280,80,TCP,82,SYN
2026-07-06T08:35:01,198.51.100.88,10.0.0.9,52791,80,TCP,76,SYN
2026-07-06T08:35:01,198.51.100.88,10.0.0.9,5800,80,TCP,90,SYN
2026-07-06T08:35:01,198.51.100.88,10.0.0.9,35456,80,TCP,54,SYN
2026-07-06T08:35:01,198.51.100.88,10.0.0.9,35142,80,TCP,44,SYN
2026-07-06T08:35:01,198.51.100.88,10.0.0.9,11468,80,TCP,66,SYN
2026-07-06T08:35:01,198.51.100.88,10.0.0.9,27462,80,TCP,45,SYN
2026-07-06T08:35:01,198.51.100.88,10.0.0.9,58918,80,TCP,53,SYN
2026-07-06T08:35:01,198.51.100.88,10.0.0.9,22720,80,TCP,63,SYN
2026-07-06T08:35:01,198.51.100.88,10.0.0.9,63303,80,TCP,88,SYN
2026-07-06T08:35:01,198.51.100.88,10.0.0.9,32144,80,TCP,75,SYN
2026-07-06T08:35:01,198.51.100.88,10.0.0.9,65323,80,TCP,81,SYN
2026-07-06T08:35:01,198.51.100.88,10.0.0.9,44863,80,TCP,62,SYN
2026-07-06T08:35:01,198.51.100.88,10.0.0.9,60301,80,TCP,81,SYN
2026-07-06T08:35:01,198.51.100.88,10.0.0.9,41730,80,TCP,55,SYN
2026-07-06T08:35:01,198.51.100.88,10.0.0.9,45755,80,TCP,96,SYN
2026-07-06T08:35:01,198.51.100.88,10.0.0.9,61050,80,TCP,90,SYN
2026-07-06T08:35:01,198.51.100.88,10.0.0.9,26312,80,TCP,56,SYN
2026-07-06T08:35:01,198.51.100.88,10.0.0.9,19559,80,TCP,41,SYN
2026-07-06T08:35:01,198.51.100.88,10.0.0.9,54901,80,TCP,89,SYN
2026-07-06T08:35:01,198.51.100.88,10.0.0.9,53637,80,TCP,72,SYN
2026-07-06T08:35:01,198.51.100.88,10.0.0.9,3897,80,TCP,58,SYN
2026-07-06T08:35:01,198.51.100.88,10.0.0.9,13640,80,TCP,60,SYN
2026-07-06T08:35:01,198.51.100.88,10.0.0.9,63166,80,TCP,46,SYN
2026-07-06T08:35:01,198.51.100.88,10.0.0.9,63694,80,TCP,89,SYN
2026-07-06T08:35:01,198.51.100.88,10.0.0.9,1504,80,TCP,80,SYN
2026-07-06T08:35:01,198.51.100.88,10.0.0.9,44955,80,TCP,80,SYN
2026-07-06T08:35:01,198.51.100.88,10.0.0.9,57709,80,TCP,83,SYN
2026-07-06T08:35:01,198.51.100.88,10.0.0.9,7834,80,TCP,53,SYN
2026-07-06T08:35:01,198.51.100.88,10.0.0.9,47078,80,TCP,96,SYN
2026-07-06T08:35:01,198.51.100.88,10.0.0.9,51827,80,TCP,67,SYN
2026-07-06T08:35:01,198.51.100.88,10.0.0.9,62611,80,TCP,44,SYN
2026-07-06T08:35:01,198.51.100.88,10.0.0.9,11100,80,TCP,41,SYN
2026-07-06T08:35:01,198.51.100.88,10.0.0.9,22763,80,TCP,42,SYN
2026-07-06T08:35:01,198.51.100.88,10.0.0.9,4580,80,TCP,51,SYN
2026-07-06T08:35:01,198.51.100.88,10.0.0.9,37598,80,TCP,44,SYN
2026-07-06T08:35:01,198.51.100.88,10.0.0.9,15942,80,TCP,98,SYN
2026-07-06T08:35:01,198.51.100.88,10.0.0.9,26454,80,TCP,68,SYN
2026-07-06T08:35:01,198.51.100.88,10.0.0.9,29402,80,TCP,60,SYN
2026-07-06T08:35:01,198.51.100.88,10.0.0.9,45149,80,TCP,47,SYN
2026-07-06T08:35:01,198.51.100.88,10.0.0.9,43060,80,TCP,86,SYN
2026-07-06T08:35:01,198.51.100.88,10.0.0.9,50566,80,TCP,87,SYN
2026-07-06T08:35:01,198.51.100.88,10.0.0.9,46957,80,TCP,94,SYN
2026-07-06T08:35:01,198.51.100.88,10.0.0.9,61844,80,TCP,72,SYN
2026-07-06T08:35:01,198.51.100.88,10.0.0.9,52593,80,TCP,83,SYN
2026-07-06T08:35:01,198.51.100.88,10.0.0.9,6693,80,TCP,58,SYN
2026-07-06T08:35:01,198.51.100.88,10.0.0.9,29707,80,TCP,64,SYN
2026-07-06T08:35:01,198.51.100.88,10.0.0.9,44325,80,TCP,41,SYN
2026-07-06T08:35:01,198.51.100.88,10.0.0.9,35985,80,TCP,54,SYN
2026-07-06T08:35:01,198.51.100.88,10.0.0.9,26648,80,TCP,90,SYN
2026-07-06T08:35:01,198.51.100.88,10.0.0.9,36788,80,TCP,58,SYN
2026-07-06T08:35:02,198.51.100.88,10.0.0.9,10466,80,TCP,59,SYN
2026-07-06T08:35:02,198.51.100.88,10.0.0.9,60934,80,TCP,90,SYN
2026-07-06T08:35:02,198.51.100.88,10.0.0.9,43487,80,TCP,63,SYN
2026-07-06T08:35:02,198.51.100.88,10.0.0.9,1754,80,TCP,75,SYN
2026-07-06T08:35:02,198.51.100.88,10.0.0.9,10289,80,TCP,47,SYN
2026-07-06T08:35:02,198.51.100.88,10.0.0.9,38557,80,TCP,78,SYN
2026-07-06T08:35:02,198.51.100.88,10.0.0.9,36906,80,TCP,100,SYN
2026-07-06T08:35:02,198.51.100.88,10.0.0.9,14790,80,TCP,87,SYN
2026-07-06T08:35:02,198.51.100.88,10.0.0.9,48599,80,TCP,62,SYN
2026-07-06T08:35:02,198.51.100.88,10.0.0.9,60375,80,TCP,81,SYN
2026-07-06T08:35:02,198.51.100.88,10.0.0.9,10359,80,TCP,50,SYN
2026-07-06T08:35:02,198.51.100.88,10.0.0.9,41452,80,TCP,93,SYN
2026-07-06T08:35:02,198.51.100.88,10.0.0.9,8535,80,TCP,51,SYN
2026-07-06T08:35:02,198.51.100.88,10.0.0.9,38202,80,TCP,94,SYN
2026-07-06T08:35:02,198.51.100.88,10.0.0.9,50244,80,TCP,99,SYN
2026-07-06T08:35:02,198.51.100.88,10.0.0.9,36993,80,TCP,69,SYN
2026-07-06T08:35:02,198.51.100.88,10.0.0.9,5817,80,TCP,58,SYN
2026-07-06T08:35:02,198.51.100.88,10.0.0.9,17453,80,TCP,46,SYN
2026-07-06T08:35:02,198.51.100.88,10.0.0.9,39073,80,TCP,71,SYN
2026-07-06T08:35:02,198.51.100.88,10.0.0.9,24429,80,TCP,48,SYN
2026-07-06T08:35:02,198.51.100.88,10.0.0.9,16394,80,TCP,46,SYN
2026-07-06T08:35:02,198.51.100.88,10.0.0.9,5598,80,TCP,97,SYN
2026-07-06T08:35:02,198.51.100.88,10.0.0.9,32865,80,TCP,68,SYN
2026-07-06T08:35:02,198.51.100.88,10.0.0.9,44239,80,TCP,59,SYN
2026-07-06T08:35:02,198.51.100.88,10.0.0.9,11011,80,TCP,76,SYN
2026-07-06T08:35:02,198.51.100.88,10.0.0.9,53957,80,TCP,60,SYN
2026-07-06T08:35:02,198.51.100.88,10.0.0.9,12075,80,TCP,40,SYN
2026-07-06T08:35:02,198.51.100.88,10.0.0.9,52513,80,TCP,54,SYN
2026-07-06T08:35:02,198.51.100.88,10.0.0.9,43021,80,TCP,67,SYN
2026-07-06T08:35:02,198.51.100.88,10.0.0.9,24583,80,TCP,48,SYN
2026-07-06T08:35:02,198.51.100.88,10.0.0.9,22753,80,TCP,96,SYN
2026-07-06T08:35:02,198.51.100.88,10.0.0.9,30210,80,TCP,62,SYN
2026-07-06T08:35:02,198.51.100.88,10.0.0.9,32938,80,TCP,75,SYN
2026-07-06T08:35:02,198.51.100.88,10.0.0.9,43330,80,TCP,78,SYN
2026-07-06T08:35:02,198.51.100.88,10.0.0.9,19414,80,TCP,94,SYN
2026-07-06T08:35:02,198.51.100.88,10.0.0.9,59436,80,TCP,74,SYN
2026-07-06T08:35:02,198.51.100.88,10.0.0.9,49097,80,TCP,96,SYN
2026-07-06T08:35:02,198.51.100.88,10.0.0.9,48696,80,TCP,44,SYN
2026-07-06T08:35:02,198.51.100.88,10.0.0.9,56702,80,TCP,72,SYN
2026-07-06T08:35:02,198.51.100.88,10.0.0.9,54281,80,TCP,77,SYN
2026-07-06T08:35:02,198.51.100.88,10.0.0.9,51434,80,TCP,77,SYN
2026-07-06T08:35:02,198.51.100.88,10.0.0.9,3426,80,TCP,75,SYN
2026-07-06T08:35:02,198.51.100.88,10.0.0.9,59612,80,TCP,74,SYN
2026-07-06T08:35:02,198.51.100.88,10.0.0.9,51827,80,TCP,49,SYN
2026-07-06T08:35:02,198.51.100.88,10.0.0.9,15658,80,TCP,97,SYN
2026-07-06T08:35:02,198.51.100.88,10.0.0.9,49076,80,TCP,94,SYN
2026-07-06T08:35:02,198.51.100.88,10.0.0.9,31478,80,TCP,72,SYN
2026-07-06T08:35:02,198.51.100.88,10.0.0.9,27027,80,TCP,63,SYN
2026-07-06T08:35:02,198.51.100.88,10.0.0.9,44453,80,TCP,55,SYN
2026-07-06T08:35:02,198.51.100.88,10.0.0.9,53881,80,TCP,79,SYN
2026-07-06T08:35:02,198.51.100.88,10.0.0.9,50648,80,TCP,72,SYN
2026-07-06T08:35:02,198.51.100.88,10.0.0.9,11458,80,TCP,51,SYN
2026-07-06T08:35:02,198.51.100.88,10.0.0.9,38105,80,TCP,82,SYN
2026-07-06T08:35:02,198.51.100.88,10.0.0.9,10605,80,TCP,87,SYN
2026-07-06T08:35:02,198.51.100.88,10.0.0.9,62573,80,TCP,62,SYN
2026-07-06T08:35:02,198.51.100.88,10.0.0.9,50927,80,TCP,71,SYN
2026-07-06T08:35:02,198.51.100.88,10.0.0.9,18348,80,TCP,63,SYN
2026-07-06T08:35:02,198.51.100.88,10.0.0.9,44840,80,TCP,53,SYN
2026-07-06T08:35:02,198.51.100.88,10.0.0.9,52893,80,TCP,63,SYN
2026-07-06T08:35:02,198.51.100.88,10.0.0.9,61179,80,TCP,69,SYN
2026-07-06T08:35:02,198.51.100.88,10.0.0.9,3639,80,TCP,81,SYN
2026-07-06T08:35:02,198.51.100.88,10.0.0.9,47144,80,TCP,73,SYN
2026-07-06T08:35:02,198.51.100.88,10.0.0.9,18947,80,TCP,93,SYN
2026-07-06T08:35:02,198.51.100.88,10.0.0.9,38945,80,TCP,74,SYN
2026-07-06T08:35:02,198.51.100.88,10.0.0.9,25708,80,TCP,81,SYN
2026-07-06T08:35:02,198.51.100.88,10.0.0.9,39538,80,TCP,81,SYN
2026-07-06T08:35:02,198.51.100.88,10.0.0.9,6125,80,TCP,73,SYN
2026-07-06T08:35:02,198.51.100.88,10.0.0.9,64769,80,TCP,98,SYN
2026-07-06T08:35:02,198.51.100.88,10.0.0.9,27621,80,TCP,62,SYN
2026-07-06T08:35:02,198.51.100.88,10.0.0.9,23636,80,TCP,71,SYN
2026-07-06T08:35:02,198.51.100.88,10.0.0.9,59165,80,TCP,78,SYN
2026-07-06T08:35:02,198.51.100.88,10.0.0.9,58828,80,TCP,48,SYN
2026-07-06T08:35:02,198.51.100.88,10.0.0.9,16096,80,TCP,44,SYN
2026-07-06T08:35:02,198.51.100.88,10.0.0.9,19427,80,TCP,53,SYN
2026-07-06T08:35:02,198.51.100.88,10.0.0.9,11336,80,TCP,63,SYN
2026-07-06T08:35:02,198.51.100.88,10.0.0.9,54563,80,TCP,47,SYN
2026-07-06T08:35:02,198.51.100.88,10.0.0.9,28196,80,TCP,91,SYN
2026-07-06T08:35:02,198.51.100.88,10.0.0.9,8451,80,TCP,70,SYN
2026-07-06T08:35:02,198.51.100.88,10.0.0.9,32417,80,TCP,53,SYN
2026-07-06T08:35:02,198.51.100.88,10.0.0.9,43442,80,TCP,93,SYN
2026-07-06T08:35:02,198.51.100.88,10.0.0.9,16993,80,TCP,42,SYN
2026-07-06T08:35:02,198.51.100.88,10.0.0.9,39844,80,TCP,50,SYN
2026-07-06T08:35:02,198.51.100.88,10.0.0.9,34620,80,TCP,42,SYN
2026-07-06T08:35:02,198.51.100.88,10.0.0.9,10648,80,TCP,43,SYN
2026-07-06T08:35:02,198.51.100.88,10.0.0.9,61477,80,TCP,51,SYN
2026-07-06T08:35:02,198.51.100.88,10.0.0.9,27595,80,TCP,78,SYN
2026-07-06T08:35:02,198.51.100.88,10.0.0.9,42811,80,TCP,41,SYN
2026-07-06T08:35:02,198.51.100.88,10.0.0.9,48732,80,TCP,82,SYN
2026-07-06T08:35:02,198.51.100.88,10.0.0.9,63103,80,TCP,45,SYN
2026-07-06T08:35:02,198.51.100.88,10.0.0.9,40773,80,TCP,70,SYN
2026-07-06T08:35:02,198.51.100.88,10.0.0.9,12202,80,TCP,54,SYN
2026-07-06T08:35:02,198.51.100.88,10.0.0.9,40400,80,TCP,49,SYN
2026-07-06T08:35:02,198.51.100.88,10.0.0.9,54793,80,TCP,89,SYN
2026-07-06T08:35:02,198.51.100.88,10.0.0.9,44254,80,TCP,72,SYN
2026-07-06T08:35:02,198.51.100.88,10.0.0.9,48484,80,TCP,83,SYN
2026-07-06T08:35:02,198.51.100.88,10.0.0.9,30742,80,TCP,78,SYN
2026-07-06T08:35:02,198.51.100.88,10.0.0.9,16085,80,TCP,64,SYN
2026-07-06T08:35:02,198.51.100.88,10.0.0.9,8139,80,TCP,41,SYN
2026-07-06T08:35:02,198.51.100.88,10.0.0.9,57358,80,TCP,98,SYN
2026-07-06T08:35:02,198.51.100.88,10.0.0.9,28535,80,TCP,92,SYN
2026-07-06T08:35:02,198.51.100.88,10.0.0.9,7335,80,TCP,51,SYN
2026-07-06T08:35:02,198.51.100.88,10.0.0.9,41312,80,TCP,78,SYN
2026-07-06T08:35:02,198.51.100.88,10.0.0.9,52395,80,TCP,74,SYN
2026-07-06T08:35:02,198.51.100.88,10.0.0.9,8725,80,TCP,45,SYN
2026-07-06T08:35:02,198.51.100.88,10.0.0.9,9565,80,TCP,97,SYN
2026-07-06T08:35:02,198.51.100.88,10.0.0.9,55256,80,TCP,40,SYN
2026-07-06T08:35:02,198.51.100.88,10.0.0.9,51805,80,TCP,83,SYN
2026-07-06T08:35:02,198.51.100.88,10.0.0.9,35236,80,TCP,66,SYN
2026-07-06T08:35:02,198.51.100.88,10.0.0.9,3870,80,TCP,84,SYN
2026-07-06T08:35:02,198.51.100.88,10.0.0.9,16063,80,TCP,100,SYN
2026-07-06T08:35:02,198.51.100.88,10.0.0.9,52768,80,TCP,89,SYN
2026-07-06T08:35:02,198.51.100.88,10.0.0.9,39627,80,TCP,91,SYN
2026-07-06T08:35:02,198.51.100.88,10.0.0.9,50932,80,TCP,93,SYN
2026-07-06T08:35:02,198.51.100.88,10.0.0.9,7427,80,TCP,67,SYN
2026-07-06T08:35:02,198.51.100.88,10.0.0.9,32293,80,TCP,89,SYN
2026-07-06T08:35:02,198.51.100.88,10.0.0.9,57322,80,TCP,45,SYN
2026-07-06T08:35:02,198.51.100.88,10.0.0.9,58483,80,TCP,74,SYN
2026-07-06T08:35:02,198.51.100.88,10.0.0.9,13411,80,TCP,40,SYN
2026-07-06T08:35:02,198.51.100.88,10.0.0.9,52759,80,TCP,40,SYN
2026-07-06T08:35:02,198.51.100.88,10.0.0.9,8746,80,TCP,73,SYN
2026-07-06T08:35:02,198.51.100.88,10.0.0.9,43920,80,TCP,53,SYN
2026-07-06T08:35:02,198.51.100.88,10.0.0.9,21726,80,TCP,66,SYN
2026-07-06T08:35:02,198.51.100.88,10.0.0.9,11167,80,TCP,67,SYN
2026-07-06T08:35:02,198.51.100.88,10.0.0.9,17646,80,TCP,56,SYN
2026-07-06T08:35:03,198.51.100.88,10.0.0.9,28782,80,TCP,76,SYN
2026-07-06T08:35:03,198.51.100.88,10.0.0.9,19083,80,TCP,83,SYN
2026-07-06T08:35:03,198.51.100.88,10.0.0.9,14373,80,TCP,66,SYN
2026-07-06T08:35:03,198.51.100.88,10.0.0.9,37564,80,TCP,70,SYN
2026-07-06T08:35:03,198.51.100.88,10.0.0.9,37664,80,TCP,75,SYN
2026-07-06T08:35:03,198.51.100.88,10.0.0.9,21120,80,TCP,76,SYN
2026-07-06T08:35:03,198.51.100.88,10.0.0.9,47259,80,TCP,65,SYN
2026-07-06T08:35:03,198.51.100.88,10.0.0.9,57057,80,TCP,95,SYN
2026-07-06T08:35:03,198.51.100.88,10.0.0.9,50032,80,TCP,54,SYN
2026-07-06T08:35:03,198.51.100.88,10.0.0.9,46854,80,TCP,100,SYN
2026-07-06T08:35:03,198.51.100.88,10.0.0.9,15078,80,TCP,72,SYN
2026-07-06T08:35:03,198.51.100.88,10.0.0.9,23203,80,TCP,91,SYN
2026-07-06T08:35:03,198.51.100.88,10.0.0.9,46706,80,TCP,83,SYN
2026-07-06T08:35:03,198.51.100.88,10.0.0.9,11558,80,TCP,64,SYN
2026-07-06T08:35:03,198.51.100.88,10.0.0.9,1370,80,TCP,91,SYN
2026-07-06T08:35:03,198.51.100.88,10.0.0.9,10548,80,TCP,70,SYN
2026-07-06T08:35:03,198.51.100.88,10.0.0.9,29556,80,TCP,45,SYN
2026-07-06T08:35:03,198.51.100.88,10.0.0.9,15557,80,TCP,63,SYN
2026-07-06T08:35:03,198.51.100.88,10.0.0.9,3498,80,TCP,86,SYN
2026-07-06T08:35:03,198.51.100.88,10.0.0.9,27280,80,TCP,79,SYN
2026-07-06T08:35:03,198.51.100.88,10.0.0.9,19798,80,TCP,85,SYN
2026-07-06T08:35:03,198.51.100.88,10.0.0.9,4789,80,TCP,100,SYN
2026-07-06T08:35:03,198.51.100.88,10.0.0.9,12510,80,TCP,80,SYN
2026-07-06T08:35:03,198.51.100.88,10.0.0.9,1725,80,TCP,52,SYN
2026-07-06T08:35:03,198.51.100.88,10.0.0.9,62022,80,TCP,91,SYN
2026-07-06T08:35:03,198.51.100.88,10.0.0.9,13786,80,TCP,42,SYN
2026-07-06T08:35:03,198.51.100.88,10.0.0.9,34483,80,TCP,73,SYN
2026-07-06T08:35:03,198.51.100.88,10.0.0.9,41341,80,TCP,50,SYN
2026-07-06T08:35:03,198.51.100.88,10.0.0.9,24599,80,TCP,55,SYN
2026-07-06T08:35:03,198.51.100.88,10.0.0.9,64963,80,TCP,50,SYN
2026-07-06T08:35:03,198.51.100.88,10.0.0.9,19107,80,TCP,89,SYN
2026-07-06T08:35:03,198.51.100.88,10.0.0.9,44910,80,TCP,65,SYN
2026-07-06T08:35:03,198.51.100.88,10.0.0.9,14151,80,TCP,73,SYN
2026-07-06T08:35:03,198.51.100.88,10.0.0.9,47136,80,TCP,44,SYN
2026-07-06T08:35:03,198.51.100.88,10.0.0.9,37042,80,TCP,58,SYN
2026-07-06T08:35:03,198.51.100.88,10.0.0.9,37666,80,TCP,98,SYN
2026-07-06T08:35:03,198.51.100.88,10.0.0.9,23796,80,TCP,92,SYN
2026-07-06T08:35:03,198.51.100.88,10.0.0.9,40762,80,TCP,52,SYN
2026-07-06T08:35:03,198.51.100.88,10.0.0.9,27497,80,TCP,76,SYN
2026-07-06T08:35:03,198.51.100.88,10.0.0.9,12495,80,TCP,66,SYN
2026-07-06T08:35:03,198.51.100.88,10.0.0.9,37634,80,TCP,44,SYN
2026-07-06T08:35:03,198.51.100.88,10.0.0.9,23304,80,TCP,100,SYN
2026-07-06T08:35:03,198.51.100.88,10.0.0.9,34662,80,TCP,56,SYN
2026-07-06T08:35:03,198.51.100.88,10.0.0.9,54314,80,TCP,90,SYN
2026-07-06T08:35:03,198.51.100.88,10.0.0.9,46518,80,TCP,68,SYN
2026-07-06T08:35:03,198.51.100.88,10.0.0.9,37931,80,TCP,70,SYN
2026-07-06T08:35:03,198.51.100.88,10.0.0.9,50665,80,TCP,61,SYN
2026-07-06T08:35:03,198.51.100.88,10.0.0.9,31095,80,TCP,83,SYN
2026-07-06T08:35:03,198.51.100.88,10.0.0.9,39482,80,TCP,95,SYN
2026-07-06T08:35:03,198.51.100.88,10.0.0.9,8643,80,TCP,56,SYN
2026-07-06T08:35:03,198.51.100.88,10.0.0.9,42551,80,TCP,90,SYN
2026-07-06T08:35:03,198.51.100.88,10.0.0.9,45386,80,TCP,84,SYN
2026-07-06T08:35:03,198.51.100.88,10.0.0.9,21715,80,TCP,66,SYN
2026-07-06T08:35:03,198.51.100.88,10.0.0.9,34873,80,TCP,74,SYN
2026-07-06T08:35:03,198.51.100.88,10.0.0.9,55561,80,TCP,56,SYN
2026-07-06T08:35:03,198.51.100.88,10.0.0.9,7119,80,TCP,65,SYN
2026-07-06T08:35:03,198.51.100.88,10.0.0.9,54833,80,TCP,61,SYN
2026-07-06T08:35:03,198.51.100.88,10.0.0.9,62063,80,TCP,51,SYN
2026-07-06T08:35:03,198.51.100.88,10.0.0.9,24193,80,TCP,53,SYN
2026-07-06T08:35:03,198.51.100.88,10.0.0.9,18658,80,TCP,51,SYN
2026-07-06T08:35:03,198.51.100.88,10.0.0.9,45792,80,TCP,99,SYN
2026-07-06T08:35:03,198.51.100.88,10.0.0.9,33726,80,TCP,87,SYN
2026-07-06T08:35:03,198.51.100.88,10.0.0.9,49221,80,TCP,55,SYN
2026-07-06T08:35:03,198.51.100.88,10.0.0.9,14575,80,TCP,54,SYN
2026-07-06T08:35:03,198.51.100.88,10.0.0.9,17388,80,TCP,93,SYN
2026-07-06T08:35:03,198.51.100.88,10.0.0.9,11247,80,TCP,89,SYN
2026-07-06T08:35:03,198.51.100.88,10.0.0.9,61329,80,TCP,45,SYN
2026-07-06T08:35:03,198.51.100.88,10.0.0.9,44502,80,TCP,71,SYN
2026-07-06T08:35:03,198.51.100.88,10.0.0.9,51109,80,TCP,94,SYN
2026-07-06T08:35:03,198.51.100.88,10.0.0.9,3793,80,TCP,94,SYN
2026-07-06T08:35:03,198.51.100.88,10.0.0.9,41700,80,TCP,60,SYN
2026-07-06T08:35:03,198.51.100.88,10.0.0.9,58760,80,TCP,97,SYN
2026-07-06T08:35:03,198.51.100.88,10.0.0.9,19028,80,TCP,71,SYN
2026-07-06T08:35:03,198.51.100.88,10.0.0.9,51110,80,TCP,98,SYN
2026-07-06T08:35:03,198.51.100.88,10.0.0.9,27099,80,TCP,54,SYN
2026-07-06T08:35:03,198.51.100.88,10.0.0.9,9428,80,TCP,43,SYN
2026-07-06T08:35:03,198.51.100.88,10.0.0.9,28757,80,TCP,70,SYN
2026-07-06T08:35:03,198.51.100.88,10.0.0.9,3158,80,TCP,72,SYN
2026-07-06T08:35:03,198.51.100.88,10.0.0.9,57411,80,TCP,83,SYN
2026-07-06T08:35:03,198.51.100.88,10.0.0.9,30986,80,TCP,47,SYN
2026-07-06T08:35:03,198.51.100.88,10.0.0.9,31175,80,TCP,60,SYN
2026-07-06T08:35:03,198.51.100.88,10.0.0.9,1798,80,TCP,83,SYN
2026-07-06T08:35:03,198.51.100.88,10.0.0.9,39100,80,TCP,46,SYN
2026-07-06T08:35:03,198.51.100.88,10.0.0.9,41183,80,TCP,95,SYN
2026-07-06T08:35:03,198.51.100.88,10.0.0.9,36974,80,TCP,56,SYN
2026-07-06T08:35:03,198.51.100.88,10.0.0.9,31914,80,TCP,79,SYN
2026-07-06T08:35:03,198.51.100.88,10.0.0.9,13076,80,TCP,71,SYN
2026-07-06T08:35:03,198.51.100.88,10.0.0.9,28489,80,TCP,84,SYN
2026-07-06T08:35:03,198.51.100.88,10.0.0.9,24949,80,TCP,94,SYN
2026-07-06T08:35:03,198.51.100.88,10.0.0.9,30562,80,TCP,51,SYN
2026-07-06T08:35:03,198.51.100.88,10.0.0.9,65201,80,TCP,76,SYN
2026-07-06T08:35:03,198.51.100.88,10.0.0.9,54382,80,TCP,46,SYN
2026-07-06T08:35:03,198.51.100.88,10.0.0.9,53720,80,TCP,55,SYN
2026-07-06T08:35:03,198.51.100.88,10.0.0.9,57143,80,TCP,64,SYN
2026-07-06T08:35:03,198.51.100.88,10.0.0.9,53455,80,TCP,87,SYN
2026-07-06T08:35:03,198.51.100.88,10.0.0.9,53824,80,TCP,40,SYN
2026-07-06T08:35:03,198.51.100.88,10.0.0.9,33765,80,TCP,48,SYN
2026-07-06T08:35:03,198.51.100.88,10.0.0.9,56689,80,TCP,80,SYN
2026-07-06T08:35:03,198.51.100.88,10.0.0.9,48246,80,TCP,60,SYN
2026-07-06T08:35:03,198.51.100.88,10.0.0.9,20687,80,TCP,56,SYN
2026-07-06T08:35:03,198.51.100.88,10.0.0.9,38237,80,TCP,43,SYN
2026-07-06T08:35:03,198.51.100.88,10.0.0.9,46279,80,TCP,50,SYN
2026-07-06T08:35:03,198.51.100.88,10.0.0.9,54358,80,TCP,56,SYN
2026-07-06T08:35:03,198.51.100.88,10.0.0.9,42302,80,TCP,46,SYN
2026-07-06T08:35:03,198.51.100.88,10.0.0.9,22956,80,TCP,56,SYN
2026-07-06T08:35:03,198.51.100.88,10.0.0.9,37747,80,TCP,75,SYN
2026-07-06T08:35:03,198.51.100.88,10.0.0.9,17913,80,TCP,62,SYN
2026-07-06T08:35:03,198.51.100.88,10.0.0.9,8969,80,TCP,62,SYN
2026-07-06T08:35:03,198.51.100.88,10.0.0.9,64142,80,TCP,78,SYN
2026-07-06T08:35:03,198.51.100.88,10.0.0.9,38765,80,TCP,81,SYN
2026-07-06T08:35:03,198.51.100.88,10.0.0.9,12462,80,TCP,89,SYN
2026-07-06T08:35:03,198.51.100.88,10.0.0.9,22329,80,TCP,83,SYN
2026-07-06T08:35:03,198.51.100.88,10.0.0.9,51797,80,TCP,87,SYN
2026-07-06T08:35:03,198.51.100.88,10.0.0.9,6162,80,TCP,64,SYN
2026-07-06T08:35:03,198.51.100.88,10.0.0.9,31416,80,TCP,80,SYN
2026-07-06T08:35:03,198.51.100.88,10.0.0.9,57926,80,TCP,50,SYN
2026-07-06T08:35:03,198.51.100.88,10.0.0.9,61878,80,TCP,61,SYN
2026-07-06T08:35:03,198.51.100.88,10.0.0.9,41152,80,TCP,76,SYN
2026-07-06T08:35:03,198.51.100.88,10.0.0.9,60469,80,TCP,44,SYN
2026-07-06T08:35:03,198.51.100.88,10.0.0.9,23543,80,TCP,54,SYN
2026-07-06T08:35:03,198.51.100.88,10.0.0.9,43819,80,TCP,58,SYN
2026-07-06T08:35:03,198.51.100.88,10.0.0.9,40698,80,TCP,81,SYN
2026-07-06T08:35:03,198.51.100.88,10.0.0.9,59199,80,TCP,68,SYN
2026-07-06T08:35:04,198.51.100.88,10.0.0.9,62547,80,TCP,63,SYN
2026-07-06T08:35:04,198.51.100.88,10.0.0.9,35164,80,TCP,68,SYN
2026-07-06T08:35:04,198.51.100.88,10.0.0.9,13075,80,TCP,94,SYN
2026-07-06T08:35:04,198.51.100.88,10.0.0.9,48719,80,TCP,55,SYN
2026-07-06T08:35:04,198.51.100.88,10.0.0.9,62656,80,TCP,87,SYN
2026-07-06T08:35:04,198.51.100.88,10.0.0.9,6271,80,TCP,53,SYN
2026-07-06T08:35:04,198.51.100.88,10.0.0.9,7774,80,TCP,46,SYN
2026-07-06T08:35:04,198.51.100.88,10.0.0.9,58609,80,TCP,70,SYN
2026-07-06T08:35:04,198.51.100.88,10.0.0.9,2751,80,TCP,89,SYN
2026-07-06T08:35:04,198.51.100.88,10.0.0.9,51158,80,TCP,45,SYN
2026-07-06T08:35:04,198.51.100.88,10.0.0.9,41531,80,TCP,49,SYN
2026-07-06T08:35:04,198.51.100.88,10.0.0.9,62076,80,TCP,96,SYN
2026-07-06T08:35:04,198.51.100.88,10.0.0.9,16055,80,TCP,55,SYN
2026-07-06T08:35:04,198.51.100.88,10.0.0.9,30066,80,TCP,80,SYN
2026-07-06T08:35:04,198.51.100.88,10.0.0.9,35544,80,TCP,93,SYN
2026-07-06T08:35:04,198.51.100.88,10.0.0.9,3327,80,TCP,82,SYN
2026-07-06T08:35:04,198.51.100.88,10.0.0.9,61007,80,TCP,60,SYN
2026-07-06T08:35:04,198.51.100.88,10.0.0.9,31641,80,TCP,95,SYN
2026-07-06T08:35:04,198.51.100.88,10.0.0.9,18876,80,TCP,75,SYN
2026-07-06T08:35:04,198.51.100.88,10.0.0.9,64563,80,TCP,100,SYN
2026-07-06T08:35:04,198.51.100.88,10.0.0.9,12626,80,TCP,77,SYN
2026-07-06T08:35:04,198.51.100.88,10.0.0.9,42380,80,TCP,87,SYN
2026-07-06T08:35:04,198.51.100.88,10.0.0.9,37985,80,TCP,67,SYN
2026-07-06T08:35:04,198.51.100.88,10.0.0.9,42936,80,TCP,74,SYN
2026-07-06T08:35:04,198.51.100.88,10.0.0.9,23776,80,TCP,70,SYN
2026-07-06T08:35:04,198.51.100.88,10.0.0.9,53761,80,TCP,45,SYN
2026-07-06T08:35:04,198.51.100.88,10.0.0.9,24995,80,TCP,66,SYN
2026-07-06T08:35:04,198.51.100.88,10.0.0.9,20918,80,TCP,40,SYN
2026-07-06T08:35:04,198.51.100.88,10.0.0.9,54460,80,TCP,88,SYN
2026-07-06T08:35:04,198.51.100.88,10.0.0.9,23560,80,TCP,58,SYN
2026-07-06T08:35:04,198.51.100.88,10.0.0.9,1569,80,TCP,84,SYN
2026-07-06T08:35:04,198.51.100.88,10.0.0.9,63083,80,TCP,88,SYN
2026-07-06T08:35:04,198.51.100.88,10.0.0.9,1622,80,TCP,89,SYN
2026-07-06T08:35:04,198.51.100.88,10.0.0.9,20220,80,TCP,78,SYN
2026-07-06T08:35:04,198.51.100.88,10.0.0.9,1497,80,TCP,75,SYN
2026-07-06T08:35:04,198.51.100.88,10.0.0.9,28007,80,TCP,96,SYN
2026-07-06T08:35:04,198.51.100.88,10.0.0.9,26894,80,TCP,55,SYN
2026-07-06T08:35:04,198.51.100.88,10.0.0.9,49331,80,TCP,81,SYN
2026-07-06T08:35:04,198.51.100.88,10.0.0.9,25820,80,TCP,54,SYN
2026-07-06T08:35:04,198.51.100.88,10.0.0.9,28695,80,TCP,80,SYN
2026-07-06T08:35:04,198.51.100.88,10.0.0.9,51128,80,TCP,91,SYN
2026-07-06T08:35:04,198.51.100.88,10.0.0.9,53949,80,TCP,84,SYN
2026-07-06T08:35:04,198.51.100.88,10.0.0.9,19680,80,TCP,81,SYN
2026-07-06T08:35:04,198.51.100.88,10.0.0.9,54030,80,TCP,57,SYN
2026-07-06T08:35:04,198.51.100.88,10.0.0.9,56957,80,TCP,44,SYN
2026-07-06T08:35:04,198.51.100.88,10.0.0.9,20002,80,TCP,47,SYN
2026-07-06T08:35:04,198.51.100.88,10.0.0.9,41507,80,TCP,68,SYN
2026-07-06T08:35:04,198.51.100.88,10.0.0.9,41836,80,TCP,71,SYN
2026-07-06T08:35:04,198.51.100.88,10.0.0.9,2295,80,TCP,49,SYN
2026-07-06T08:35:04,198.51.100.88,10.0.0.9,36083,80,TCP,41,SYN
2026-07-06T08:35:04,198.51.100.88,10.0.0.9,7726,80,TCP,58,SYN
2026-07-06T08:35:04,198.51.100.88,10.0.0.9,47895,80,TCP,68,SYN
2026-07-06T08:35:04,198.51.100.88,10.0.0.9,16281,80,TCP,45,SYN
2026-07-06T08:35:04,198.51.100.88,10.0.0.9,33371,80,TCP,53,SYN
2026-07-06T08:35:04,198.51.100.88,10.0.0.9,21443,80,TCP,90,SYN
2026-07-06T08:35:04,198.51.100.88,10.0.0.9,25363,80,TCP,69,SYN
2026-07-06T08:35:04,198.51.100.88,10.0.0.9,3103,80,TCP,61,SYN
2026-07-06T08:35:04,198.51.100.88,10.0.0.9,50213,80,TCP,100,SYN
2026-07-06T08:35:04,198.51.100.88,10.0.0.9,18489,80,TCP,89,SYN
2026-07-06T08:35:04,198.51.100.88,10.0.0.9,36622,80,TCP,70,SYN
2026-07-06T08:35:04,198.51.100.88,10.0.0.9,59724,80,TCP,93,SYN
2026-07-06T08:35:04,198.51.100.88,10.0.0.9,26031,80,TCP,93,SYN
2026-07-06T08:35:04,198.51.100.88,10.0.0.9,64895,80,TCP,89,SYN
2026-07-06T08:35:04,198.51.100.88,10.0.0.9,26242,80,TCP,89,SYN
2026-07-06T08:35:04,198.51.100.88,10.0.0.9,17222,80,TCP,87,SYN
2026-07-06T08:35:04,198.51.100.88,10.0.0.9,14077,80,TCP,69,SYN
2026-07-06T08:35:04,198.51.100.88,10.0.0.9,7181,80,TCP,73,SYN
2026-07-06T08:35:04,198.51.100.88,10.0.0.9,14684,80,TCP,70,SYN
2026-07-06T08:35:04,198.51.100.88,10.0.0.9,64018,80,TCP,59,SYN
2026-07-06T08:35:04,198.51.100.88,10.0.0.9,11418,80,TCP,80,SYN
2026-07-06T08:35:04,198.51.100.88,10.0.0.9,49830,80,TCP,99,SYN
2026-07-06T08:35:04,198.51.100.88,10.0.0.9,9028,80,TCP,56,SYN
2026-07-06T08:35:04,198.51.100.88,10.0.0.9,20607,80,TCP,52,SYN
2026-07-06T08:35:04,198.51.100.88,10.0.0.9,4437,80,TCP,95,SYN
2026-07-06T08:35:04,198.51.100.88,10.0.0.9,64808,80,TCP,47,SYN
2026-07-06T08:35:04,198.51.100.88,10.0.0.9,29477,80,TCP,60,SYN
2026-07-06T08:35:04,198.51.100.88,10.0.0.9,53085,80,TCP,57,SYN
2026-07-06T08:35:04,198.51.100.88,10.0.0.9,26963,80,TCP,90,SYN
2026-07-06T08:35:04,198.51.100.88,10.0.0.9,64517,80,TCP,42,SYN
2026-07-06T08:35:04,198.51.100.88,10.0.0.9,46293,80,TCP,70,SYN
2026-07-06T08:35:04,198.51.100.88,10.0.0.9,11181,80,TCP,63,SYN
2026-07-06T08:35:04,198.51.100.88,10.0.0.9,17324,80,TCP,50,SYN
2026-07-06T08:35:04,198.51.100.88,10.0.0.9,45978,80,TCP,79,SYN
2026-07-06T08:35:04,198.51.100.88,10.0.0.9,64571,80,TCP,88,SYN
2026-07-06T08:35:04,198.51.100.88,10.0.0.9,4941,80,TCP,62,SYN
2026-07-06T08:35:04,198.51.100.88,10.0.0.9,46986,80,TCP,74,SYN
2026-07-06T08:35:04,198.51.100.88,10.0.0.9,9270,80,TCP,71,SYN
2026-07-06T08:35:04,198.51.100.88,10.0.0.9,65359,80,TCP,75,SYN
2026-07-06T08:35:04,198.51.100.88,10.0.0.9,50614,80,TCP,62,SYN
2026-07-06T08:35:04,198.51.100.88,10.0.0.9,29775,80,TCP,86,SYN
2026-07-06T08:35:04,198.51.100.88,10.0.0.9,46194,80,TCP,64,SYN
2026-07-06T08:35:04,198.51.100.88,10.0.0.9,9853,80,TCP,56,SYN
2026-07-06T08:35:04,198.51.100.88,10.0.0.9,32828,80,TCP,85,SYN
2026-07-06T08:35:04,198.51.100.88,10.0.0.9,20338,80,TCP,74,SYN
2026-07-06T08:35:04,198.51.100.88,10.0.0.9,13461,80,TCP,76,SYN
2026-07-06T08:35:04,198.51.100.88,10.0.0.9,23808,80,TCP,60,SYN
2026-07-06T08:35:04,198.51.100.88,10.0.0.9,19067,80,TCP,95,SYN
2026-07-06T08:35:04,198.51.100.88,10.0.0.9,60954,80,TCP,95,SYN
2026-07-06T08:35:04,198.51.100.88,10.0.0.9,5537,80,TCP,73,SYN
2026-07-06T08:35:04,198.51.100.88,10.0.0.9,20401,80,TCP,92,SYN
2026-07-06T08:35:04,198.51.100.88,10.0.0.9,25083,80,TCP,69,SYN
2026-07-06T08:35:04,198.51.100.88,10.0.0.9,42837,80,TCP,72,SYN
2026-07-06T08:35:04,198.51.100.88,10.0.0.9,13183,80,TCP,96,SYN
2026-07-06T08:35:04,198.51.100.88,10.0.0.9,57177,80,TCP,63,SYN
2026-07-06T08:35:04,198.51.100.88,10.0.0.9,16673,80,TCP,60,SYN
2026-07-06T08:35:04,198.51.100.88,10.0.0.9,44165,80,TCP,74,SYN
2026-07-06T08:35:04,198.51.100.88,10.0.0.9,13467,80,TCP,73,SYN
2026-07-06T08:35:04,198.51.100.88,10.0.0.9,51207,80,TCP,75,SYN
2026-07-06T08:35:04,198.51.100.88,10.0.0.9,19579,80,TCP,60,SYN
2026-07-06T08:35:04,198.51.100.88,10.0.0.9,22128,80,TCP,47,SYN
2026-07-06T08:35:04,198.51.100.88,10.0.0.9,44205,80,TCP,44,SYN
2026-07-06T08:35:04,198.51.100.88,10.0.0.9,62483,80,TCP,48,SYN
